#
# A fatal error has been detected by the Java Runtime Environment:
#
#  EXCEPTION_ACCESS_VIOLATION (0xc0000005) at pc=0x00007ffd9ea6e0a9, pid=11820, tid=14820
#
# JRE version: OpenJDK Runtime Environment Microsoft-8035246 (17.0.8+7) (build 17.0.8+7-LTS)
# Java VM: OpenJDK 64-Bit Server VM Microsoft-8035246 (17.0.8+7-LTS, mixed mode, sharing, tiered, compressed oops, compressed class ptrs, g1 gc, windows-amd64)
# Problematic frame:
# V  [jvm.dll+0x2be0a9]
#
# No core dump will be written. Minidumps are not enabled by default on client versions of Windows
#
# If you would like to submit a bug report, please visit:
#   https://github.com/microsoft/openjdk/issues
#

---------------  S U M M A R Y ------------

Command Line: -XX:MaxMetaspaceSize=512m --add-opens=java.base/java.util=ALL-UNNAMED --add-opens=java.base/java.lang=ALL-UNNAMED --add-opens=java.base/java.lang.invoke=ALL-UNNAMED --add-opens=java.prefs/java.util.prefs=ALL-UNNAMED --add-exports=jdk.compiler/com.sun.tools.javac.api=ALL-UNNAMED --add-exports=jdk.compiler/com.sun.tools.javac.util=ALL-UNNAMED --add-opens=java.base/java.nio.charset=ALL-UNNAMED --add-opens=java.base/java.net=ALL-UNNAMED --add-opens=java.base/java.util.concurrent.atomic=ALL-UNNAMED -Xmx2048m -Dfile.encoding=UTF-8 -Duser.country=IN -Duser.language=en -Duser.variant -javaagent:C:\Users\Yogesh\.gradle\wrapper\dists\gradle-8.10.2-bin\a04bxjujx95o3nb99gddekhwo\gradle-8.10.2\lib\agents\gradle-instrumentation-agent-8.10.2.jar org.gradle.launcher.daemon.bootstrap.GradleDaemon 8.10.2

Host: 11th Gen Intel(R) Core(TM) i5-1135G7 @ 2.40GHz, 8 cores, 15G,  Windows 11 , 64 bit Build 26100 (10.0.26100.7309)
Time: Fri Dec 26 18:35:50 2025 India Standard Time elapsed time: 26.608539 seconds (0d 0h 0m 26s)

---------------  T H R E A D  ---------------

Current thread (0x000001946deba770):  JavaThread "C2 CompilerThread0" daemon [_thread_in_native, id=14820, stack(0x0000005a36100000,0x0000005a36200000)]


Current CompileTask:
C2:  26608 13136       4       org.gradle.cache.internal.ExclusiveCacheAccessingWorker$$Lambda$551/0x00000194014a9620::call (10 bytes)

Stack: [0x0000005a36100000,0x0000005a36200000],  sp=0x0000005a361fb9c0,  free space=1006k
Native frames: (J=compiled Java code, j=interpreted, Vv=VM code, C=native code)
V  [jvm.dll+0x2be0a9]
V  [jvm.dll+0x21ba8b]
V  [jvm.dll+0x21944b]
V  [jvm.dll+0x1a56b6]
V  [jvm.dll+0x2291ea]
V  [jvm.dll+0x22724c]
V  [jvm.dll+0x7efd0c]
V  [jvm.dll+0x7ea13a]
V  [jvm.dll+0x67ad85]
C  [ucrtbase.dll+0x37b0]
C  [KERNEL32.DLL+0x2e8d7]
C  [ntdll.dll+0x8c53c]


siginfo: EXCEPTION_ACCESS_VIOLATION (0xc0000005), reading address 0x0000000000000028


Register to memory mapping:

RIP=0x00007ffd9ea6e0a9 jvm.dll
RAX=0x00000194759feb60 points into unknown readable memory: 0x0000000000000000 | 00 00 00 00 00 00 00 00
RBX=0x00000000000019a2 is an unknown value
RCX=0x0 is NULL
RDX=0x0 is NULL
RSP=0x0000005a361fb9c0 is pointing into the stack for thread: 0x000001946deba770
RBP=0x0000005a361fba30 is pointing into the stack for thread: 0x000001946deba770
RSI=0x0 is NULL
RDI=0x0000000000000054 is an unknown value
R8 =0x000000000000ffe0 is an unknown value
R9 =0x0 is NULL
R10=0x00007ffe47740000 VCRUNTIME140.dll
R11=0x00000194759feb80 points into unknown readable memory: 0x0000000000000000 | 00 00 00 00 00 00 00 00
R12=0x0000000000000050 is an unknown value
R13=0x0 is NULL
R14=0x0 is NULL
R15=0x0000005a361febe0 is pointing into the stack for thread: 0x000001946deba770


Registers:
RAX=0x00000194759feb60, RBX=0x00000000000019a2, RCX=0x0000000000000000, RDX=0x0000000000000000
RSP=0x0000005a361fb9c0, RBP=0x0000005a361fba30, RSI=0x0000000000000000, RDI=0x0000000000000054
R8 =0x000000000000ffe0, R9 =0x0000000000000000, R10=0x00007ffe47740000, R11=0x00000194759feb80
R12=0x0000000000000050, R13=0x0000000000000000, R14=0x0000000000000000, R15=0x0000005a361febe0
RIP=0x00007ffd9ea6e0a9, EFLAGS=0x0000000000010202

Top of Stack: (sp=0x0000005a361fb9c0)
0x0000005a361fb9c0:   00000000000019a2 0000000000000000
0x0000005a361fb9d0:   0000005a361febe0 00007ffd9e9d38d1
0x0000005a361fb9e0:   000001946deab120 00007ffd00002000
0x0000005a361fb9f0:   00000194759feb60 0000000000000000
0x0000005a361fba00:   0000000000000002 0000019476c4b700
0x0000005a361fba10:   0000000000000002 000001946deab120
0x0000005a361fba20:   0000000000000000 0000000000000000
0x0000005a361fba30:   000001946deb9b90 000001944f9f43b0
0x0000005a361fba40:   0000000000000054 00007ffd9f0f4c08
0x0000005a361fba50:   0000005a361fbb60 00007ffd9e9cba8b
0x0000005a361fba60:   0000005a361febe0 00007ffd9f0f4c08
0x0000005a361fba70:   0000005a361febe0 0000005a361fbb60
0x0000005a361fba80:   0000005a00000000 0000005a361ff740
0x0000005a361fba90:   0000005a0000000f 0000005a361febe0
0x0000005a361fbaa0:   0000005a361fbc10 00007ffd00000000
0x0000005a361fbab0:   0000019400000100 00007ffd9f0f4c08 

Instructions: (pc=0x00007ffd9ea6e0a9)
0x00007ffd9ea6dfa9:   3b d0 75 0b ff c1 41 3b c9 7c dc 48 8b c2 c3 33
0x00007ffd9ea6dfb9:   c0 c3 cc cc cc cc cc 48 89 5c 24 18 55 56 57 41
0x00007ffd9ea6dfc9:   55 41 57 48 8b ec 48 83 ec 70 65 48 8b 04 25 58
0x00007ffd9ea6dfd9:   00 00 00 48 8b f2 44 8b 05 d2 8b 90 00 4c 8b f9
0x00007ffd9ea6dfe9:   4a 8b 1c c0 b8 50 00 00 00 80 3c 18 00 75 05 e8
0x00007ffd9ea6dff9:   8b 6f 5d 00 b8 20 00 00 00 48 8b 04 18 48 8b 98
0x00007ffd9ea6e009:   38 02 00 00 48 89 5d b0 c7 45 b8 04 00 00 00 48
0x00007ffd9ea6e019:   8b 43 18 48 83 f8 df 76 18 4c 8d 05 37 a9 65 00
0x00007ffd9ea6e029:   ba 20 00 00 00 48 8b cb e8 5a eb de ff 48 8b 43
0x00007ffd9ea6e039:   18 48 8d 48 20 48 3b 4b 20 76 11 45 33 c0 48 8b
0x00007ffd9ea6e049:   cb 41 8d 50 20 e8 fd e8 de ff eb 04 48 89 4b 18
0x00007ffd9ea6e059:   44 8b 45 b8 33 d2 49 c1 e0 03 48 8b c8 48 89 45
0x00007ffd9ea6e069:   c0 e8 e3 80 5d 00 45 33 ed 48 8d 4d d0 44 89 6d
0x00007ffd9ea6e079:   c8 e8 01 59 56 00 41 8b 9f 40 02 00 00 41 2b 9f
0x00007ffd9ea6e089:   68 02 00 00 44 89 6d f0 3b 5d b8 72 0b 8b d3 48
0x00007ffd9ea6e099:   8d 4d b0 e8 6f b3 39 00 48 8b 45 c0 4c 89 2c d8
0x00007ffd9ea6e0a9:   8b 7e 28 8b df c1 eb 05 3b 5d d0 72 0b 8b d3 48
0x00007ffd9ea6e0b9:   8d 4d d0 e8 1f 59 56 00 48 8b 45 d8 83 e7 1f 48
0x00007ffd9ea6e0c9:   8d 14 98 40 0f b6 cf 41 b8 01 00 00 00 41 d3 e0
0x00007ffd9ea6e0d9:   8b 0a 8b c1 41 0b c0 89 02 41 85 c8 75 21 8b 5d
0x00007ffd9ea6e0e9:   c8 8d 43 01 89 45 c8 3b 5d b8 72 0b 8b d3 48 8d
0x00007ffd9ea6e0f9:   4d b0 e8 10 b3 39 00 48 8b 45 c0 48 89 34 d8 44
0x00007ffd9ea6e109:   39 6d c8 0f 86 77 01 00 00 4c 89 a4 24 a0 00 00
0x00007ffd9ea6e119:   00 4c 89 b4 24 a8 00 00 00 48 8b 45 c0 41 8b cd
0x00007ffd9ea6e129:   48 8b 34 c8 8b 46 2c 25 ff 1f 00 00 3d 04 10 00
0x00007ffd9ea6e139:   00 0f 85 a7 00 00 00 bb 01 00 00 00 39 5e 18 76
0x00007ffd9ea6e149:   39 66 0f 1f 44 00 00 48 8b 46 08 8b cb 48 8b 14
0x00007ffd9ea6e159:   c8 48 85 d2 74 1d 48 83 7a 10 00 74 16 80 7a 2c
0x00007ffd9ea6e169:   84 74 10 e8 7f 7e ee ff 48 8b d0 49 8b cf e8 a4
0x00007ffd9ea6e179:   61 f6 ff ff c3 3b 5e 18 72 cd 48 8b 5e 10 8b 46
0x00007ffd9ea6e189:   20 4c 8d 34 c3 49 3b de 73 54 48 8b 3b 8b 47 2c
0x00007ffd9ea6e199:   83 e0 03 3c 03 75 2e 48 8b 07 48 8b cf ff 90 88 


Stack slot to memory mapping:
stack at sp + 0 slots: 0x00000000000019a2 is an unknown value
stack at sp + 1 slots: 0x0 is NULL
stack at sp + 2 slots: 0x0000005a361febe0 is pointing into the stack for thread: 0x000001946deba770
stack at sp + 3 slots: 0x00007ffd9e9d38d1 jvm.dll
stack at sp + 4 slots: 0x000001946deab120 points into unknown readable memory: 0x0000000000000006 | 06 00 00 00 00 00 00 00
stack at sp + 5 slots: 0x00007ffd00002000 is an unknown value
stack at sp + 6 slots: 0x00000194759feb60 points into unknown readable memory: 0x0000000000000000 | 00 00 00 00 00 00 00 00
stack at sp + 7 slots: 0x0 is NULL


---------------  P R O C E S S  ---------------

Threads class SMR info:
_java_thread_list=0x00000194793f9a80, length=147, elements={
0x000001944f9da2a0, 0x000001946dea2640, 0x000001946dea3110, 0x000001946deb50b0,
0x000001946deb5980, 0x000001946deb6250, 0x000001946deb6b20, 0x000001946deba770,
0x000001946decc0a0, 0x000001946ded0ec0, 0x000001946dfd95a0, 0x000001946e0b9710,
0x00000194730712b0, 0x00000194740246b0, 0x00000194740ac030, 0x00000194740cc020,
0x00000194740cc500, 0x000001946e8be5a0, 0x000001946e8bd670, 0x000001946e8bb300,
0x000001946e8bc740, 0x000001946e8bcc50, 0x000001946e8bc230, 0x0000019474dc10e0,
0x0000019474dbfca0, 0x0000019474dc06c0, 0x0000019474dc3450, 0x0000019474dc2a30,
0x0000019474dc15f0, 0x0000019474dc0bd0, 0x0000019474dc01b0, 0x0000019474dc3e70,
0x0000019474dc4380, 0x0000019474dc6c00, 0x0000019474dc5cd0, 0x0000019474dc66f0,
0x0000019474dc7620, 0x000001946e8bd160, 0x00000194772ecd20, 0x00000194772ec810,
0x00000194772ec300, 0x00000194772eaec0, 0x00000194772eb3d0, 0x00000194772ebdf0,
0x00000194772ea9b0, 0x00000194772eb8e0, 0x00000194772ed230, 0x00000194772e9a80,
0x000001946e65f340, 0x000001946e65f850, 0x000001946e65fd60, 0x000001946e660270,
0x000001946e65e920, 0x000001946e6616b0, 0x000001946e65e410, 0x000001946e660780,
0x000001946e660c90, 0x000001946e65df00, 0x000001946e6611a0, 0x000001946e661bc0,
0x000001946e6620d0, 0x000001946e6625e0, 0x000001946e65ee30, 0x000001946e664e60,
0x000001946e665370, 0x000001946e663f30, 0x000001946e665880, 0x00000194771428d0,
0x0000019477140560, 0x0000019477143800, 0x0000019477141eb0, 0x0000019477142de0,
0x00000194771432f0, 0x0000019477140050, 0x0000019477140f80, 0x0000019477143d10,
0x0000019477141490, 0x0000019477140a70, 0x0000019477144220, 0x0000019477144730,
0x0000019477144c40, 0x0000019477145150, 0x00000194771419a0, 0x0000019477145b70,
0x00000194771423c0, 0x00000194771474c0, 0x00000194771479d0, 0x0000019477146fb0,
0x0000019477146080, 0x0000019477146590, 0x0000019477146aa0, 0x000001946e1dd380,
0x000001946e1dba30, 0x000001946e1ddda0, 0x000001946e1dd890, 0x000001946e1dc960,
0x000001946e1de2b0, 0x000001946e1dbf40, 0x000001946e1de7c0, 0x000001946e1db010,
0x000001946e1dce70, 0x000001946e1decd0, 0x000001946e1db520, 0x000001946e1df1e0,
0x000001946e1df6f0, 0x000001946e1dfc00, 0x000001946e1dc450, 0x000001946e1e2480,
0x000001946e1e0620, 0x000001946e1e0b30, 0x000001946e1e0110, 0x000001946e1e1040,
0x000001946e1e1a60, 0x000001946e1e1550, 0x000001946e1e1f70, 0x000001946e1e2990,
0x000001946e08d330, 0x000001946e08d840, 0x000001946e08dd50, 0x000001946e08c910,
0x000001946e08a5a0, 0x000001946e08ce20, 0x000001946e08bef0, 0x000001946e08e260,
0x000001946e08aab0, 0x000001946e08e770, 0x000001946e08afc0, 0x000001946e08b9e0,
0x000001946e08ec80, 0x000001946e08f190, 0x000001946e08fbb0, 0x000001946e08c400,
0x000001946e0900c0, 0x000001946e090ff0, 0x000001946e091f20, 0x000001946e0905d0,
0x000001946e090ae0, 0x000001946e091500, 0x0000019474dc2f40, 0x0000019474967850,
0x00000194749640a0, 0x0000019474964fd0, 0x00000194749654e0, 0x00000194749659f0,
0x0000019478bba2c0, 0x0000019478efefd0, 0x0000019478efb560
}

Java Threads: ( => current thread )
  0x000001944f9da2a0 JavaThread "main" [_thread_blocked, id=22288, stack(0x0000005a35400000,0x0000005a35500000)]
  0x000001946dea2640 JavaThread "Reference Handler" daemon [_thread_blocked, id=9632, stack(0x0000005a35b00000,0x0000005a35c00000)]
  0x000001946dea3110 JavaThread "Finalizer" daemon [_thread_blocked, id=11736, stack(0x0000005a35c00000,0x0000005a35d00000)]
  0x000001946deb50b0 JavaThread "Signal Dispatcher" daemon [_thread_blocked, id=23492, stack(0x0000005a35d00000,0x0000005a35e00000)]
  0x000001946deb5980 JavaThread "Attach Listener" daemon [_thread_blocked, id=16820, stack(0x0000005a35e00000,0x0000005a35f00000)]
  0x000001946deb6250 JavaThread "Service Thread" daemon [_thread_blocked, id=21348, stack(0x0000005a35f00000,0x0000005a36000000)]
  0x000001946deb6b20 JavaThread "Monitor Deflation Thread" daemon [_thread_blocked, id=22400, stack(0x0000005a36000000,0x0000005a36100000)]
=>0x000001946deba770 JavaThread "C2 CompilerThread0" daemon [_thread_in_native, id=14820, stack(0x0000005a36100000,0x0000005a36200000)]
  0x000001946decc0a0 JavaThread "C1 CompilerThread0" daemon [_thread_blocked, id=13900, stack(0x0000005a36200000,0x0000005a36300000)]
  0x000001946ded0ec0 JavaThread "Sweeper thread" daemon [_thread_blocked, id=21384, stack(0x0000005a36300000,0x0000005a36400000)]
  0x000001946dfd95a0 JavaThread "Common-Cleaner" daemon [_thread_blocked, id=13196, stack(0x0000005a36400000,0x0000005a36500000)]
  0x000001946e0b9710 JavaThread "Notification Thread" daemon [_thread_blocked, id=14112, stack(0x0000005a36500000,0x0000005a36600000)]
  0x00000194730712b0 JavaThread "Daemon health stats" [_thread_blocked, id=8132, stack(0x0000005a36800000,0x0000005a36900000)]
  0x00000194740246b0 JavaThread "Incoming local TCP Connector on port 60202" [_thread_in_native, id=19948, stack(0x0000005a36e00000,0x0000005a36f00000)]
  0x00000194740ac030 JavaThread "Daemon periodic checks" [_thread_blocked, id=19816, stack(0x0000005a36f00000,0x0000005a37000000)]
  0x00000194740cc020 JavaThread "Daemon" [_thread_blocked, id=7904, stack(0x0000005a37000000,0x0000005a37100000)]
  0x00000194740cc500 JavaThread "Handler for socket connection from /127.0.0.1:60202 to /127.0.0.1:60203" [_thread_in_native, id=24524, stack(0x0000005a37100000,0x0000005a37200000)]
  0x000001946e8be5a0 JavaThread "Cancel handler" [_thread_blocked, id=17592, stack(0x0000005a37200000,0x0000005a37300000)]
  0x000001946e8bd670 JavaThread "Daemon worker" [_thread_in_native, id=21024, stack(0x0000005a37300000,0x0000005a37400000)]
  0x000001946e8bb300 JavaThread "Asynchronous log dispatcher for DefaultDaemonConnection: socket connection from /127.0.0.1:60202 to /127.0.0.1:60203" [_thread_blocked, id=22644, stack(0x0000005a37400000,0x0000005a37500000)]
  0x000001946e8bc740 JavaThread "Stdin handler" [_thread_blocked, id=20880, stack(0x0000005a37500000,0x0000005a37600000)]
  0x000001946e8bcc50 JavaThread "Daemon client event forwarder" [_thread_blocked, id=8672, stack(0x0000005a37600000,0x0000005a37700000)]
  0x000001946e8bc230 JavaThread "Cache worker for journal cache (C:\Users\Yogesh\.gradle\caches\journal-1)" [_thread_blocked, id=10420, stack(0x0000005a37700000,0x0000005a37800000)]
  0x0000019474dc10e0 JavaThread "File lock request listener" [_thread_in_native, id=6292, stack(0x0000005a37800000,0x0000005a37900000)]
  0x0000019474dbfca0 JavaThread "Cache worker for file hash cache (C:\Users\Yogesh\.gradle\caches\8.10.2\fileHashes)" [_thread_blocked, id=22612, stack(0x0000005a37900000,0x0000005a37a00000)]
  0x0000019474dc06c0 JavaThread "Cache worker for file hash cache (C:\Users\Yogesh\Desktop\Drive4U\DriveForU\android\.gradle\8.10.2\fileHashes)" [_thread_blocked, id=13452, stack(0x0000005a37b00000,0x0000005a37c00000)]
  0x0000019474dc3450 JavaThread "Cache worker for Build Output Cleanup Cache (C:\Users\Yogesh\Desktop\Drive4U\DriveForU\android\.gradle\buildOutputCleanup)" [_thread_blocked, id=23932, stack(0x0000005a37c00000,0x0000005a37d00000)]
  0x0000019474dc2a30 JavaThread "File watcher server" daemon [_thread_in_native, id=10836, stack(0x0000005a38000000,0x0000005a38100000)]
  0x0000019474dc15f0 JavaThread "File watcher consumer" daemon [_thread_blocked, id=20384, stack(0x0000005a38100000,0x0000005a38200000)]
  0x0000019474dc0bd0 JavaThread "Cache worker for checksums cache (C:\Users\Yogesh\Desktop\Drive4U\DriveForU\android\.gradle\8.10.2\checksums)" [_thread_blocked, id=25688, stack(0x0000005a38200000,0x0000005a38300000)]
  0x0000019474dc01b0 JavaThread "Cache worker for file content cache (C:\Users\Yogesh\.gradle\caches\8.10.2\fileContent)" [_thread_blocked, id=2684, stack(0x0000005a38300000,0x0000005a38400000)]
  0x0000019474dc3e70 JavaThread "Cache worker for cache directory md-rule (C:\Users\Yogesh\.gradle\caches\8.10.2\md-rule)" [_thread_blocked, id=13628, stack(0x0000005a37a00000,0x0000005a37b00000)]
  0x0000019474dc4380 JavaThread "Cache worker for cache directory md-supplier (C:\Users\Yogesh\.gradle\caches\8.10.2\md-supplier)" [_thread_blocked, id=8412, stack(0x0000005a38400000,0x0000005a38500000)]
  0x0000019474dc6c00 JavaThread "jar transforms" [_thread_blocked, id=26608, stack(0x0000005a38600000,0x0000005a38700000)]
  0x0000019474dc5cd0 JavaThread "Cache worker for Build Output Cleanup Cache (C:\Users\Yogesh\Desktop\Drive4U\DriveForU\node_modules\@react-native\gradle-plugin\.gradle\buildOutputCleanup)" [_thread_blocked, id=22876, stack(0x0000005a38700000,0x0000005a38800000)]
  0x0000019474dc66f0 JavaThread "Unconstrained build operations" [_thread_blocked, id=11032, stack(0x0000005a38800000,0x0000005a38900000)]
  0x0000019474dc7620 JavaThread "Unconstrained build operations Thread 2" [_thread_blocked, id=4980, stack(0x0000005a38900000,0x0000005a38a00000)]
  0x000001946e8bd160 JavaThread "Unconstrained build operations Thread 3" [_thread_blocked, id=15324, stack(0x0000005a38a00000,0x0000005a38b00000)]
  0x00000194772ecd20 JavaThread "Unconstrained build operations Thread 4" [_thread_blocked, id=15172, stack(0x0000005a38b00000,0x0000005a38c00000)]
  0x00000194772ec810 JavaThread "Unconstrained build operations Thread 5" [_thread_blocked, id=7892, stack(0x0000005a38500000,0x0000005a38600000)]
  0x00000194772ec300 JavaThread "Unconstrained build operations Thread 6" [_thread_blocked, id=12540, stack(0x0000005a38c00000,0x0000005a38d00000)]
  0x00000194772eaec0 JavaThread "Unconstrained build operations Thread 7" [_thread_blocked, id=10216, stack(0x0000005a38d00000,0x0000005a38e00000)]
  0x00000194772eb3d0 JavaThread "Unconstrained build operations Thread 8" [_thread_blocked, id=2540, stack(0x0000005a38e00000,0x0000005a38f00000)]
  0x00000194772ebdf0 JavaThread "Unconstrained build operations Thread 9" [_thread_blocked, id=7788, stack(0x0000005a38f00000,0x0000005a39000000)]
  0x00000194772ea9b0 JavaThread "Unconstrained build operations Thread 10" [_thread_blocked, id=23280, stack(0x0000005a39000000,0x0000005a39100000)]
  0x00000194772eb8e0 JavaThread "Unconstrained build operations Thread 11" [_thread_blocked, id=8064, stack(0x0000005a39100000,0x0000005a39200000)]
  0x00000194772ed230 JavaThread "Unconstrained build operations Thread 12" [_thread_blocked, id=25040, stack(0x0000005a39200000,0x0000005a39300000)]
  0x00000194772e9a80 JavaThread "Unconstrained build operations Thread 13" [_thread_blocked, id=5620, stack(0x0000005a39300000,0x0000005a39400000)]
  0x000001946e65f340 JavaThread "Unconstrained build operations Thread 14" [_thread_blocked, id=10800, stack(0x0000005a39400000,0x0000005a39500000)]
  0x000001946e65f850 JavaThread "Unconstrained build operations Thread 15" [_thread_blocked, id=8920, stack(0x0000005a39500000,0x0000005a39600000)]
  0x000001946e65fd60 JavaThread "Unconstrained build operations Thread 16" [_thread_blocked, id=11776, stack(0x0000005a39600000,0x0000005a39700000)]
  0x000001946e660270 JavaThread "Unconstrained build operations Thread 17" [_thread_blocked, id=8932, stack(0x0000005a39700000,0x0000005a39800000)]
  0x000001946e65e920 JavaThread "Unconstrained build operations Thread 18" [_thread_blocked, id=2668, stack(0x0000005a39800000,0x0000005a39900000)]
  0x000001946e6616b0 JavaThread "Unconstrained build operations Thread 19" [_thread_blocked, id=17620, stack(0x0000005a39900000,0x0000005a39a00000)]
  0x000001946e65e410 JavaThread "Unconstrained build operations Thread 20" [_thread_blocked, id=21576, stack(0x0000005a39a00000,0x0000005a39b00000)]
  0x000001946e660780 JavaThread "Unconstrained build operations Thread 21" [_thread_blocked, id=14364, stack(0x0000005a39b00000,0x0000005a39c00000)]
  0x000001946e660c90 JavaThread "Unconstrained build operations Thread 22" [_thread_blocked, id=21876, stack(0x0000005a39c00000,0x0000005a39d00000)]
  0x000001946e65df00 JavaThread "Unconstrained build operations Thread 23" [_thread_blocked, id=20532, stack(0x0000005a39d00000,0x0000005a39e00000)]
  0x000001946e6611a0 JavaThread "Unconstrained build operations Thread 24" [_thread_blocked, id=13540, stack(0x0000005a39e00000,0x0000005a39f00000)]
  0x000001946e661bc0 JavaThread "Unconstrained build operations Thread 25" [_thread_blocked, id=13804, stack(0x0000005a39f00000,0x0000005a3a000000)]
  0x000001946e6620d0 JavaThread "Unconstrained build operations Thread 26" [_thread_blocked, id=14800, stack(0x0000005a3a000000,0x0000005a3a100000)]
  0x000001946e6625e0 JavaThread "Unconstrained build operations Thread 27" [_thread_blocked, id=3996, stack(0x0000005a3a100000,0x0000005a3a200000)]
  0x000001946e65ee30 JavaThread "Memory manager" [_thread_blocked, id=8308, stack(0x0000005a3a200000,0x0000005a3a300000)]
  0x000001946e664e60 JavaThread "build event listener" [_thread_blocked, id=17120, stack(0x0000005a3a300000,0x0000005a3a400000)]
  0x000001946e665370 JavaThread "ForkJoinPool.commonPool-worker-1" daemon [_thread_blocked, id=9176, stack(0x0000005a3a500000,0x0000005a3a600000)]
  0x000001946e663f30 JavaThread "ForkJoinPool.commonPool-worker-2" daemon [_thread_blocked, id=10132, stack(0x0000005a3a600000,0x0000005a3a700000)]
  0x000001946e665880 JavaThread "ForkJoinPool.commonPool-worker-3" daemon [_thread_blocked, id=2564, stack(0x0000005a3a700000,0x0000005a3a800000)]
  0x00000194771428d0 JavaThread "ForkJoinPool.commonPool-worker-4" daemon [_thread_blocked, id=748, stack(0x0000005a3a800000,0x0000005a3a900000)]
  0x0000019477140560 JavaThread "ForkJoinPool.commonPool-worker-5" daemon [_thread_blocked, id=7808, stack(0x0000005a3a900000,0x0000005a3aa00000)]
  0x0000019477143800 JavaThread "ForkJoinPool.commonPool-worker-6" daemon [_thread_blocked, id=26084, stack(0x0000005a3aa00000,0x0000005a3ab00000)]
  0x0000019477141eb0 JavaThread "ForkJoinPool.commonPool-worker-7" daemon [_thread_blocked, id=19512, stack(0x0000005a3ab00000,0x0000005a3ac00000)]
  0x0000019477142de0 JavaThread "Exec process" daemon [_thread_blocked, id=9208, stack(0x0000005a3ac00000,0x0000005a3ad00000)]
  0x00000194771432f0 JavaThread "Exec process Thread 2" daemon [_thread_blocked, id=24720, stack(0x0000005a3ad00000,0x0000005a3ae00000)]
  0x0000019477140050 JavaThread "Exec process Thread 3" daemon [_thread_blocked, id=22968, stack(0x0000005a3ae00000,0x0000005a3af00000)]
  0x0000019477140f80 JavaThread "included builds" [_thread_blocked, id=15060, stack(0x0000005a3a400000,0x0000005a3a500000)]
  0x0000019477143d10 JavaThread "Execution worker" [_thread_blocked, id=16696, stack(0x0000005a3af00000,0x0000005a3b000000)]
  0x0000019477141490 JavaThread "Execution worker Thread 2" [_thread_blocked, id=12420, stack(0x0000005a3b000000,0x0000005a3b100000)]
  0x0000019477140a70 JavaThread "Execution worker Thread 3" [_thread_blocked, id=20672, stack(0x0000005a3b100000,0x0000005a3b200000)]
  0x0000019477144220 JavaThread "Execution worker Thread 4" [_thread_blocked, id=23496, stack(0x0000005a3b200000,0x0000005a3b300000)]
  0x0000019477144730 JavaThread "Execution worker Thread 5" [_thread_blocked, id=18288, stack(0x0000005a3b300000,0x0000005a3b400000)]
  0x0000019477144c40 JavaThread "Execution worker Thread 6" [_thread_blocked, id=11948, stack(0x0000005a3b400000,0x0000005a3b500000)]
  0x0000019477145150 JavaThread "Execution worker Thread 7" [_thread_blocked, id=21952, stack(0x0000005a3b500000,0x0000005a3b600000)]
  0x00000194771419a0 JavaThread "Cache worker for execution history cache (C:\Users\Yogesh\Desktop\Drive4U\DriveForU\node_modules\@react-native\gradle-plugin\.gradle\8.10.2\executionHistory)" [_thread_blocked, id=5492, stack(0x0000005a3b600000,0x0000005a3b700000)]
  0x0000019477145b70 JavaThread "Unconstrained build operations Thread 28" [_thread_blocked, id=2904, stack(0x0000005a3b800000,0x0000005a3b900000)]
  0x00000194771423c0 JavaThread "Unconstrained build operations Thread 29" [_thread_blocked, id=11904, stack(0x0000005a3b900000,0x0000005a3ba00000)]
  0x00000194771474c0 JavaThread "Unconstrained build operations Thread 30" [_thread_blocked, id=12348, stack(0x0000005a3ba00000,0x0000005a3bb00000)]
  0x00000194771479d0 JavaThread "Unconstrained build operations Thread 31" [_thread_blocked, id=25476, stack(0x0000005a3bb00000,0x0000005a3bc00000)]
  0x0000019477146fb0 JavaThread "Unconstrained build operations Thread 32" [_thread_blocked, id=24296, stack(0x0000005a3bc00000,0x0000005a3bd00000)]
  0x0000019477146080 JavaThread "Unconstrained build operations Thread 33" [_thread_blocked, id=22884, stack(0x0000005a3bd00000,0x0000005a3be00000)]
  0x0000019477146590 JavaThread "Unconstrained build operations Thread 34" [_thread_blocked, id=17636, stack(0x0000005a3be00000,0x0000005a3bf00000)]
  0x0000019477146aa0 JavaThread "Unconstrained build operations Thread 35" [_thread_blocked, id=23048, stack(0x0000005a3bf00000,0x0000005a3c000000)]
  0x000001946e1dd380 JavaThread "Unconstrained build operations Thread 36" [_thread_blocked, id=22984, stack(0x0000005a3c000000,0x0000005a3c100000)]
  0x000001946e1dba30 JavaThread "Unconstrained build operations Thread 37" [_thread_blocked, id=22396, stack(0x0000005a3c100000,0x0000005a3c200000)]
  0x000001946e1ddda0 JavaThread "Unconstrained build operations Thread 38" [_thread_blocked, id=20308, stack(0x0000005a3c200000,0x0000005a3c300000)]
  0x000001946e1dd890 JavaThread "Unconstrained build operations Thread 39" [_thread_blocked, id=11208, stack(0x0000005a3c300000,0x0000005a3c400000)]
  0x000001946e1dc960 JavaThread "Unconstrained build operations Thread 40" [_thread_blocked, id=13924, stack(0x0000005a3c400000,0x0000005a3c500000)]
  0x000001946e1de2b0 JavaThread "Unconstrained build operations Thread 41" [_thread_blocked, id=25140, stack(0x0000005a3c500000,0x0000005a3c600000)]
  0x000001946e1dbf40 JavaThread "Unconstrained build operations Thread 42" [_thread_blocked, id=20204, stack(0x0000005a3c600000,0x0000005a3c700000)]
  0x000001946e1de7c0 JavaThread "Unconstrained build operations Thread 43" [_thread_blocked, id=21540, stack(0x0000005a3c700000,0x0000005a3c800000)]
  0x000001946e1db010 JavaThread "Unconstrained build operations Thread 44" [_thread_blocked, id=9960, stack(0x0000005a3c800000,0x0000005a3c900000)]
  0x000001946e1dce70 JavaThread "Unconstrained build operations Thread 45" [_thread_blocked, id=20876, stack(0x0000005a3c900000,0x0000005a3ca00000)]
  0x000001946e1decd0 JavaThread "Unconstrained build operations Thread 46" [_thread_blocked, id=10832, stack(0x0000005a3ca00000,0x0000005a3cb00000)]
  0x000001946e1db520 JavaThread "Unconstrained build operations Thread 47" [_thread_blocked, id=16872, stack(0x0000005a3cb00000,0x0000005a3cc00000)]
  0x000001946e1df1e0 JavaThread "Unconstrained build operations Thread 48" [_thread_blocked, id=22776, stack(0x0000005a3cc00000,0x0000005a3cd00000)]
  0x000001946e1df6f0 JavaThread "Unconstrained build operations Thread 49" [_thread_blocked, id=19568, stack(0x0000005a3cd00000,0x0000005a3ce00000)]
  0x000001946e1dfc00 JavaThread "Unconstrained build operations Thread 50" [_thread_blocked, id=13468, stack(0x0000005a3ce00000,0x0000005a3cf00000)]
  0x000001946e1dc450 JavaThread "Unconstrained build operations Thread 51" [_thread_blocked, id=3700, stack(0x0000005a3cf00000,0x0000005a3d000000)]
  0x000001946e1e2480 JavaThread "Unconstrained build operations Thread 52" [_thread_blocked, id=22748, stack(0x0000005a3d000000,0x0000005a3d100000)]
  0x000001946e1e0620 JavaThread "Unconstrained build operations Thread 53" [_thread_blocked, id=22900, stack(0x0000005a3d100000,0x0000005a3d200000)]
  0x000001946e1e0b30 JavaThread "Unconstrained build operations Thread 54" [_thread_blocked, id=11588, stack(0x0000005a3d200000,0x0000005a3d300000)]
  0x000001946e1e0110 JavaThread "Unconstrained build operations Thread 55" [_thread_blocked, id=23808, stack(0x0000005a3d300000,0x0000005a3d400000)]
  0x000001946e1e1040 JavaThread "Unconstrained build operations Thread 56" [_thread_blocked, id=18156, stack(0x0000005a3d400000,0x0000005a3d500000)]
  0x000001946e1e1a60 JavaThread "Unconstrained build operations Thread 57" [_thread_blocked, id=17660, stack(0x0000005a3d500000,0x0000005a3d600000)]
  0x000001946e1e1550 JavaThread "Unconstrained build operations Thread 58" [_thread_blocked, id=7844, stack(0x0000005a3d600000,0x0000005a3d700000)]
  0x000001946e1e1f70 JavaThread "Unconstrained build operations Thread 59" [_thread_blocked, id=20324, stack(0x0000005a3d700000,0x0000005a3d800000)]
  0x000001946e1e2990 JavaThread "Unconstrained build operations Thread 60" [_thread_blocked, id=23780, stack(0x0000005a3d800000,0x0000005a3d900000)]
  0x000001946e08d330 JavaThread "Unconstrained build operations Thread 61" [_thread_blocked, id=14392, stack(0x0000005a3d900000,0x0000005a3da00000)]
  0x000001946e08d840 JavaThread "Unconstrained build operations Thread 62" [_thread_blocked, id=25648, stack(0x0000005a3da00000,0x0000005a3db00000)]
  0x000001946e08dd50 JavaThread "Unconstrained build operations Thread 63" [_thread_blocked, id=20488, stack(0x0000005a3db00000,0x0000005a3dc00000)]
  0x000001946e08c910 JavaThread "Unconstrained build operations Thread 64" [_thread_blocked, id=5160, stack(0x0000005a3dc00000,0x0000005a3dd00000)]
  0x000001946e08a5a0 JavaThread "Unconstrained build operations Thread 65" [_thread_blocked, id=11512, stack(0x0000005a3dd00000,0x0000005a3de00000)]
  0x000001946e08ce20 JavaThread "Unconstrained build operations Thread 66" [_thread_blocked, id=20328, stack(0x0000005a3de00000,0x0000005a3df00000)]
  0x000001946e08bef0 JavaThread "Unconstrained build operations Thread 67" [_thread_blocked, id=1368, stack(0x0000005a3df00000,0x0000005a3e000000)]
  0x000001946e08e260 JavaThread "Unconstrained build operations Thread 68" [_thread_blocked, id=25152, stack(0x0000005a3e000000,0x0000005a3e100000)]
  0x000001946e08aab0 JavaThread "Unconstrained build operations Thread 69" [_thread_blocked, id=23556, stack(0x0000005a3e100000,0x0000005a3e200000)]
  0x000001946e08e770 JavaThread "Unconstrained build operations Thread 70" [_thread_blocked, id=7916, stack(0x0000005a3e200000,0x0000005a3e300000)]
  0x000001946e08afc0 JavaThread "Unconstrained build operations Thread 71" [_thread_blocked, id=2928, stack(0x0000005a3e300000,0x0000005a3e400000)]
  0x000001946e08b9e0 JavaThread "Unconstrained build operations Thread 72" [_thread_blocked, id=5696, stack(0x0000005a3e400000,0x0000005a3e500000)]
  0x000001946e08ec80 JavaThread "jar transforms Thread 2" [_thread_blocked, id=3576, stack(0x0000005a3e500000,0x0000005a3e600000)]
  0x000001946e08f190 JavaThread "jar transforms Thread 3" [_thread_blocked, id=21060, stack(0x0000005a3e600000,0x0000005a3e700000)]
  0x000001946e08fbb0 JavaThread "Unconstrained build operations Thread 73" [_thread_blocked, id=6452, stack(0x0000005a3e700000,0x0000005a3e800000)]
  0x000001946e08c400 JavaThread "Unconstrained build operations Thread 74" [_thread_blocked, id=8420, stack(0x0000005a3e800000,0x0000005a3e900000)]
  0x000001946e0900c0 JavaThread "Unconstrained build operations Thread 75" [_thread_blocked, id=13412, stack(0x0000005a3e900000,0x0000005a3ea00000)]
  0x000001946e090ff0 JavaThread "Unconstrained build operations Thread 76" [_thread_blocked, id=13432, stack(0x0000005a3ea00000,0x0000005a3eb00000)]
  0x000001946e091f20 JavaThread "Unconstrained build operations Thread 77" [_thread_blocked, id=18452, stack(0x0000005a3eb00000,0x0000005a3ec00000)]
  0x000001946e0905d0 JavaThread "Unconstrained build operations Thread 78" [_thread_blocked, id=20792, stack(0x0000005a3ec00000,0x0000005a3ed00000)]
  0x000001946e090ae0 JavaThread "Unconstrained build operations Thread 79" [_thread_blocked, id=9268, stack(0x0000005a3ed00000,0x0000005a3ee00000)]
  0x000001946e091500 JavaThread "Unconstrained build operations Thread 80" [_thread_blocked, id=7600, stack(0x0000005a3ee00000,0x0000005a3ef00000)]
  0x0000019474dc2f40 JavaThread "jar transforms Thread 4" [_thread_blocked, id=24852, stack(0x0000005a3ef00000,0x0000005a3f000000)]
  0x0000019474967850 JavaThread "jar transforms Thread 5" [_thread_blocked, id=21512, stack(0x0000005a3f000000,0x0000005a3f100000)]
  0x00000194749640a0 JavaThread "jar transforms Thread 6" [_thread_blocked, id=2880, stack(0x0000005a3f100000,0x0000005a3f200000)]
  0x0000019474964fd0 JavaThread "build event listener" [_thread_blocked, id=9780, stack(0x0000005a36700000,0x0000005a36800000)]
  0x00000194749654e0 JavaThread "build event listener" [_thread_blocked, id=20076, stack(0x0000005a3b700000,0x0000005a3b800000)]
  0x00000194749659f0 JavaThread "jar transforms Thread 7" [_thread_blocked, id=3872, stack(0x0000005a3f400000,0x0000005a3f500000)]
  0x0000019478bba2c0 JavaThread "jar transforms Thread 8" [_thread_blocked, id=12004, stack(0x0000005a3f500000,0x0000005a3f600000)]
  0x0000019478efefd0 JavaThread "C2 CompilerThread1" daemon [_thread_in_native, id=13824, stack(0x0000005a3f200000,0x0000005a3f300000)]
  0x0000019478efb560 JavaThread "C2 CompilerThread2" daemon [_thread_in_native, id=25752, stack(0x0000005a3f300000,0x0000005a3f400000)]

Other Threads:
  0x000001946de9efe0 VMThread "VM Thread" [stack: 0x0000005a35a00000,0x0000005a35b00000] [id=2224]
  0x000001944f9dadd0 WatcherThread [stack: 0x0000005a36600000,0x0000005a36700000] [id=2480]
  0x000001944fa391a0 GCTaskThread "GC Thread#0" [stack: 0x0000005a35500000,0x0000005a35600000] [id=20924]
  0x000001946e9fa6e0 GCTaskThread "GC Thread#1" [stack: 0x0000005a36900000,0x0000005a36a00000] [id=24412]
  0x000001946e40cfb0 GCTaskThread "GC Thread#2" [stack: 0x0000005a36a00000,0x0000005a36b00000] [id=17992]
  0x000001946e21dc00 GCTaskThread "GC Thread#3" [stack: 0x0000005a36b00000,0x0000005a36c00000] [id=15728]
  0x000001946e21dec0 GCTaskThread "GC Thread#4" [stack: 0x0000005a36c00000,0x0000005a36d00000] [id=19536]
  0x000001946e532c10 GCTaskThread "GC Thread#5" [stack: 0x0000005a36d00000,0x0000005a36e00000] [id=12312]
  0x00000194744e5390 GCTaskThread "GC Thread#6" [stack: 0x0000005a37d00000,0x0000005a37e00000] [id=21564]
  0x000001947471b260 GCTaskThread "GC Thread#7" [stack: 0x0000005a37e00000,0x0000005a37f00000] [id=21932]
  0x000001944fa4acd0 ConcurrentGCThread "G1 Main Marker" [stack: 0x0000005a35600000,0x0000005a35700000] [id=12156]
  0x000001944fa4cc40 ConcurrentGCThread "G1 Conc#0" [stack: 0x0000005a35700000,0x0000005a35800000] [id=10864]
  0x000001947326f610 ConcurrentGCThread "G1 Conc#1" [stack: 0x0000005a37f00000,0x0000005a38000000] [id=8732]
  0x000001946d5e2010 ConcurrentGCThread "G1 Refine#0" [stack: 0x0000005a35800000,0x0000005a35900000] [id=19520]
  0x000001946d5e26f0 ConcurrentGCThread "G1 Service" [stack: 0x0000005a35900000,0x0000005a35a00000] [id=12184]

Threads with active compile tasks:
C2 CompilerThread0    26686 13136       4       org.gradle.cache.internal.ExclusiveCacheAccessingWorker$$Lambda$551/0x00000194014a9620::call (10 bytes)
C1 CompilerThread0    26686 13227       3       org.gradle.api.internal.artifacts.ivyservice.resolveengine.artifact.ArtifactBackedResolvedVariant$SingleArtifactSet::visitDependencies (11 bytes)
C2 CompilerThread1    26686 13171       4       org.codehaus.groovy.reflection.CachedClass$3$$Lambda$441/0x0000019401414a40::test (8 bytes)
C2 CompilerThread2    26686 13120       4       java.io.WinNTFileSystem::normalize (143 bytes)

VM state: not at safepoint (normal execution)

VM Mutex/Monitor currently owned by a thread: None

Heap address: 0x0000000080000000, size: 2048 MB, Compressed Oops mode: 32-bit

CDS archive(s) mapped at: [0x0000019400000000-0x0000019400bd0000-0x0000019400bd0000), size 12386304, SharedBaseAddress: 0x0000019400000000, ArchiveRelocationMode: 1.
Compressed class space mapped at: 0x0000019401000000-0x000001941b000000, reserved size: 436207616
Narrow klass base: 0x0000019400000000, Narrow klass shift: 0, Narrow klass range: 0x100000000

GC Precious Log:
 CPUs: 8 total, 8 available
 Memory: 16026M
 Large Page Support: Disabled
 NUMA Support: Disabled
 Compressed Oops: Enabled (32-bit)
 Heap Region Size: 1M
 Heap Min Capacity: 8M
 Heap Initial Capacity: 252M
 Heap Max Capacity: 2G
 Pre-touch: Disabled
 Parallel Workers: 8
 Concurrent Workers: 2
 Concurrent Refinement Workers: 8
 Periodic GC: Disabled

Heap:
 garbage-first heap   total 218112K, used 148724K [0x0000000080000000, 0x0000000100000000)
  region size 1024K, 30 young (30720K), 8 survivors (8192K)
 Metaspace       used 102819K, committed 104000K, reserved 557056K
  class space    used 14257K, committed 14784K, reserved 425984K

Heap Regions: E=young(eden), S=young(survivor), O=old, HS=humongous(starts), HC=humongous(continues), CS=collection set, F=free, OA=open archive, CA=closed archive, TAMS=top-at-mark-start (previous, next)
|   0|0x0000000080000000, 0x0000000080100000, 0x0000000080100000|100%| O|  |TAMS 0x0000000080100000, 0x0000000080000000| Untracked 
|   1|0x0000000080100000, 0x0000000080200000, 0x0000000080200000|100%| O|  |TAMS 0x0000000080200000, 0x0000000080100000| Untracked 
|   2|0x0000000080200000, 0x0000000080300000, 0x0000000080300000|100%|HS|  |TAMS 0x0000000080300000, 0x0000000080200000| Complete 
|   3|0x0000000080300000, 0x0000000080400000, 0x0000000080400000|100%|HC|  |TAMS 0x0000000080400000, 0x0000000080300000| Complete 
|   4|0x0000000080400000, 0x0000000080500000, 0x0000000080500000|100%|HC|  |TAMS 0x0000000080500000, 0x0000000080400000| Complete 
|   5|0x0000000080500000, 0x0000000080600000, 0x0000000080600000|100%|HC|  |TAMS 0x0000000080600000, 0x0000000080500000| Complete 
|   6|0x0000000080600000, 0x0000000080700000, 0x0000000080700000|100%| O|  |TAMS 0x0000000080700000, 0x0000000080600000| Untracked 
|   7|0x0000000080700000, 0x0000000080800000, 0x0000000080800000|100%| O|  |TAMS 0x0000000080800000, 0x0000000080700000| Untracked 
|   8|0x0000000080800000, 0x0000000080900000, 0x0000000080900000|100%| O|  |TAMS 0x0000000080900000, 0x0000000080800000| Untracked 
|   9|0x0000000080900000, 0x0000000080a00000, 0x0000000080a00000|100%|HS|  |TAMS 0x0000000080a00000, 0x0000000080900000| Complete 
|  10|0x0000000080a00000, 0x0000000080b00000, 0x0000000080b00000|100%| O|  |TAMS 0x0000000080b00000, 0x0000000080a00000| Untracked 
|  11|0x0000000080b00000, 0x0000000080c00000, 0x0000000080c00000|100%| O|  |TAMS 0x0000000080c00000, 0x0000000080b00000| Untracked 
|  12|0x0000000080c00000, 0x0000000080d00000, 0x0000000080d00000|100%| O|  |TAMS 0x0000000080d00000, 0x0000000080c00000| Untracked 
|  13|0x0000000080d00000, 0x0000000080e00000, 0x0000000080e00000|100%| O|  |TAMS 0x0000000080d00000, 0x0000000080d00000| Untracked 
|  14|0x0000000080e00000, 0x0000000080f00000, 0x0000000080f00000|100%| O|  |TAMS 0x0000000080f00000, 0x0000000080e00000| Untracked 
|  15|0x0000000080f00000, 0x0000000081000000, 0x0000000081000000|100%| O|  |TAMS 0x0000000081000000, 0x0000000080f00000| Untracked 
|  16|0x0000000081000000, 0x0000000081100000, 0x0000000081100000|100%| O|  |TAMS 0x0000000081100000, 0x0000000081000000| Untracked 
|  17|0x0000000081100000, 0x0000000081200000, 0x0000000081200000|100%| O|  |TAMS 0x0000000081200000, 0x0000000081100000| Untracked 
|  18|0x0000000081200000, 0x0000000081300000, 0x0000000081300000|100%| O|  |TAMS 0x0000000081300000, 0x0000000081200000| Untracked 
|  19|0x0000000081300000, 0x0000000081400000, 0x0000000081400000|100%| O|  |TAMS 0x0000000081400000, 0x0000000081300000| Untracked 
|  20|0x0000000081400000, 0x0000000081500000, 0x0000000081500000|100%| O|  |TAMS 0x0000000081500000, 0x0000000081400000| Untracked 
|  21|0x0000000081500000, 0x0000000081600000, 0x0000000081600000|100%| O|  |TAMS 0x0000000081600000, 0x0000000081500000| Untracked 
|  22|0x0000000081600000, 0x0000000081700000, 0x0000000081700000|100%| O|  |TAMS 0x0000000081700000, 0x0000000081600000| Untracked 
|  23|0x0000000081700000, 0x0000000081800000, 0x0000000081800000|100%| O|  |TAMS 0x0000000081800000, 0x0000000081700000| Untracked 
|  24|0x0000000081800000, 0x0000000081900000, 0x0000000081900000|100%| O|  |TAMS 0x0000000081900000, 0x0000000081800000| Untracked 
|  25|0x0000000081900000, 0x0000000081a00000, 0x0000000081a00000|100%| O|  |TAMS 0x0000000081a00000, 0x0000000081900000| Untracked 
|  26|0x0000000081a00000, 0x0000000081b00000, 0x0000000081b00000|100%| O|  |TAMS 0x0000000081b00000, 0x0000000081a00000| Untracked 
|  27|0x0000000081b00000, 0x0000000081c00000, 0x0000000081c00000|100%| O|  |TAMS 0x0000000081c00000, 0x0000000081b00000| Untracked 
|  28|0x0000000081c00000, 0x0000000081d00000, 0x0000000081d00000|100%| O|  |TAMS 0x0000000081d00000, 0x0000000081c00000| Untracked 
|  29|0x0000000081d00000, 0x0000000081e00000, 0x0000000081e00000|100%| O|  |TAMS 0x0000000081e00000, 0x0000000081d00000| Untracked 
|  30|0x0000000081e00000, 0x0000000081f00000, 0x0000000081f00000|100%| O|  |TAMS 0x0000000081f00000, 0x0000000081e00000| Untracked 
|  31|0x0000000081f00000, 0x0000000082000000, 0x0000000082000000|100%| O|  |TAMS 0x0000000082000000, 0x0000000081f00000| Untracked 
|  32|0x0000000082000000, 0x0000000082100000, 0x0000000082100000|100%| O|  |TAMS 0x0000000082100000, 0x0000000082000000| Untracked 
|  33|0x0000000082100000, 0x0000000082200000, 0x0000000082200000|100%| O|  |TAMS 0x0000000082200000, 0x0000000082100000| Untracked 
|  34|0x0000000082200000, 0x0000000082300000, 0x0000000082300000|100%| O|  |TAMS 0x0000000082300000, 0x0000000082200000| Untracked 
|  35|0x0000000082300000, 0x0000000082400000, 0x0000000082400000|100%| O|  |TAMS 0x0000000082400000, 0x0000000082300000| Untracked 
|  36|0x0000000082400000, 0x0000000082500000, 0x0000000082500000|100%| O|  |TAMS 0x0000000082400000, 0x0000000082400000| Untracked 
|  37|0x0000000082500000, 0x0000000082600000, 0x0000000082600000|100%| O|  |TAMS 0x0000000082600000, 0x0000000082500000| Untracked 
|  38|0x0000000082600000, 0x0000000082700000, 0x0000000082700000|100%| O|  |TAMS 0x0000000082700000, 0x0000000082600000| Untracked 
|  39|0x0000000082700000, 0x0000000082800000, 0x0000000082800000|100%| O|  |TAMS 0x0000000082800000, 0x0000000082700000| Untracked 
|  40|0x0000000082800000, 0x0000000082900000, 0x0000000082900000|100%| O|  |TAMS 0x0000000082900000, 0x0000000082800000| Untracked 
|  41|0x0000000082900000, 0x0000000082a00000, 0x0000000082a00000|100%| O|  |TAMS 0x0000000082a00000, 0x0000000082900000| Untracked 
|  42|0x0000000082a00000, 0x0000000082b00000, 0x0000000082b00000|100%| O|  |TAMS 0x0000000082b00000, 0x0000000082a00000| Untracked 
|  43|0x0000000082b00000, 0x0000000082c00000, 0x0000000082c00000|100%| O|  |TAMS 0x0000000082c00000, 0x0000000082b00000| Untracked 
|  44|0x0000000082c00000, 0x0000000082d00000, 0x0000000082d00000|100%| O|  |TAMS 0x0000000082d00000, 0x0000000082c00000| Untracked 
|  45|0x0000000082d00000, 0x0000000082e00000, 0x0000000082e00000|100%| O|  |TAMS 0x0000000082e00000, 0x0000000082d00000| Untracked 
|  46|0x0000000082e00000, 0x0000000082f00000, 0x0000000082f00000|100%| O|  |TAMS 0x0000000082f00000, 0x0000000082e00000| Untracked 
|  47|0x0000000082f00000, 0x0000000083000000, 0x0000000083000000|100%| O|  |TAMS 0x0000000083000000, 0x0000000082f00000| Untracked 
|  48|0x0000000083000000, 0x0000000083100000, 0x0000000083100000|100%| O|  |TAMS 0x0000000083100000, 0x0000000083000000| Untracked 
|  49|0x0000000083100000, 0x0000000083200000, 0x0000000083200000|100%| O|  |TAMS 0x0000000083200000, 0x0000000083100000| Untracked 
|  50|0x0000000083200000, 0x0000000083300000, 0x0000000083300000|100%| O|  |TAMS 0x0000000083300000, 0x0000000083200000| Untracked 
|  51|0x0000000083300000, 0x0000000083400000, 0x0000000083400000|100%|HS|  |TAMS 0x0000000083400000, 0x0000000083300000| Complete 
|  52|0x0000000083400000, 0x0000000083500000, 0x0000000083500000|100%|HC|  |TAMS 0x0000000083500000, 0x0000000083400000| Complete 
|  53|0x0000000083500000, 0x0000000083600000, 0x0000000083600000|100%|HS|  |TAMS 0x0000000083600000, 0x0000000083500000| Complete 
|  54|0x0000000083600000, 0x0000000083700000, 0x0000000083700000|100%|HC|  |TAMS 0x0000000083700000, 0x0000000083600000| Complete 
|  55|0x0000000083700000, 0x0000000083800000, 0x0000000083800000|100%|HS|  |TAMS 0x0000000083800000, 0x0000000083700000| Complete 
|  56|0x0000000083800000, 0x0000000083900000, 0x0000000083900000|100%|HC|  |TAMS 0x0000000083900000, 0x0000000083800000| Complete 
|  57|0x0000000083900000, 0x0000000083a00000, 0x0000000083a00000|100%|HC|  |TAMS 0x0000000083a00000, 0x0000000083900000| Complete 
|  58|0x0000000083a00000, 0x0000000083b00000, 0x0000000083b00000|100%|HC|  |TAMS 0x0000000083b00000, 0x0000000083a00000| Complete 
|  59|0x0000000083b00000, 0x0000000083c00000, 0x0000000083c00000|100%|HS|  |TAMS 0x0000000083c00000, 0x0000000083b00000| Complete 
|  60|0x0000000083c00000, 0x0000000083d00000, 0x0000000083d00000|100%|HC|  |TAMS 0x0000000083d00000, 0x0000000083c00000| Complete 
|  61|0x0000000083d00000, 0x0000000083e00000, 0x0000000083e00000|100%|HC|  |TAMS 0x0000000083e00000, 0x0000000083d00000| Complete 
|  62|0x0000000083e00000, 0x0000000083f00000, 0x0000000083f00000|100%|HC|  |TAMS 0x0000000083f00000, 0x0000000083e00000| Complete 
|  63|0x0000000083f00000, 0x0000000084000000, 0x0000000084000000|100%| O|  |TAMS 0x0000000084000000, 0x0000000083f00000| Untracked 
|  64|0x0000000084000000, 0x0000000084100000, 0x0000000084100000|100%| O|  |TAMS 0x0000000084100000, 0x0000000084000000| Untracked 
|  65|0x0000000084100000, 0x0000000084200000, 0x0000000084200000|100%| O|  |TAMS 0x0000000084100000, 0x0000000084100000| Untracked 
|  66|0x0000000084200000, 0x0000000084300000, 0x0000000084300000|100%| O|  |TAMS 0x0000000084200000, 0x0000000084200000| Untracked 
|  67|0x0000000084300000, 0x0000000084400000, 0x0000000084400000|100%| O|  |TAMS 0x0000000084300000, 0x0000000084300000| Untracked 
|  68|0x0000000084400000, 0x0000000084500000, 0x0000000084500000|100%| O|  |TAMS 0x0000000084400000, 0x0000000084400000| Untracked 
|  69|0x0000000084500000, 0x0000000084600000, 0x0000000084600000|100%| O|  |TAMS 0x0000000084500000, 0x0000000084500000| Untracked 
|  70|0x0000000084600000, 0x0000000084700000, 0x0000000084700000|100%| O|  |TAMS 0x0000000084681200, 0x0000000084600000| Untracked 
|  71|0x0000000084700000, 0x0000000084800000, 0x0000000084800000|100%| O|  |TAMS 0x0000000084700000, 0x0000000084700000| Untracked 
|  72|0x0000000084800000, 0x0000000084900000, 0x0000000084900000|100%| O|  |TAMS 0x0000000084800000, 0x0000000084800000| Untracked 
|  73|0x0000000084900000, 0x0000000084a00000, 0x0000000084a00000|100%| O|  |TAMS 0x0000000084900000, 0x0000000084900000| Untracked 
|  74|0x0000000084a00000, 0x0000000084b00000, 0x0000000084b00000|100%| O|  |TAMS 0x0000000084a00000, 0x0000000084a00000| Untracked 
|  75|0x0000000084b00000, 0x0000000084c00000, 0x0000000084c00000|100%| O|  |TAMS 0x0000000084b00000, 0x0000000084b00000| Untracked 
|  76|0x0000000084c00000, 0x0000000084d00000, 0x0000000084d00000|100%| O|  |TAMS 0x0000000084c00000, 0x0000000084c00000| Untracked 
|  77|0x0000000084d00000, 0x0000000084e00000, 0x0000000084e00000|100%| O|  |TAMS 0x0000000084d00000, 0x0000000084d00000| Untracked 
|  78|0x0000000084e00000, 0x0000000084f00000, 0x0000000084f00000|100%| O|  |TAMS 0x0000000084e00000, 0x0000000084e00000| Untracked 
|  79|0x0000000084f00000, 0x0000000085000000, 0x0000000085000000|100%| O|  |TAMS 0x0000000084f00000, 0x0000000084f00000| Untracked 
|  80|0x0000000085000000, 0x0000000085100000, 0x0000000085100000|100%| O|  |TAMS 0x0000000085000000, 0x0000000085000000| Untracked 
|  81|0x0000000085100000, 0x0000000085200000, 0x0000000085200000|100%| O|  |TAMS 0x0000000085100000, 0x0000000085100000| Untracked 
|  82|0x0000000085200000, 0x0000000085300000, 0x0000000085300000|100%|HS|  |TAMS 0x0000000085200000, 0x0000000085200000| Complete 
|  83|0x0000000085300000, 0x0000000085400000, 0x0000000085400000|100%|HS|  |TAMS 0x0000000085300000, 0x0000000085300000| Complete 
|  84|0x0000000085400000, 0x0000000085500000, 0x0000000085500000|100%|HS|  |TAMS 0x0000000085400000, 0x0000000085400000| Complete 
|  85|0x0000000085500000, 0x0000000085600000, 0x0000000085600000|100%|HS|  |TAMS 0x0000000085500000, 0x0000000085500000| Complete 
|  86|0x0000000085600000, 0x0000000085700000, 0x0000000085700000|100%| O|  |TAMS 0x0000000085600000, 0x0000000085600000| Untracked 
|  87|0x0000000085700000, 0x0000000085800000, 0x0000000085800000|100%|HS|  |TAMS 0x0000000085700000, 0x0000000085700000| Complete 
|  88|0x0000000085800000, 0x0000000085900000, 0x0000000085900000|100%|HS|  |TAMS 0x0000000085800000, 0x0000000085800000| Complete 
|  89|0x0000000085900000, 0x0000000085a00000, 0x0000000085a00000|100%| O|  |TAMS 0x0000000085900000, 0x0000000085900000| Untracked 
|  90|0x0000000085a00000, 0x0000000085b00000, 0x0000000085b00000|100%| O|  |TAMS 0x0000000085a00000, 0x0000000085a00000| Untracked 
|  91|0x0000000085b00000, 0x0000000085c00000, 0x0000000085c00000|100%|HS|  |TAMS 0x0000000085b00000, 0x0000000085b00000| Complete 
|  92|0x0000000085c00000, 0x0000000085d00000, 0x0000000085d00000|100%|HC|  |TAMS 0x0000000085c00000, 0x0000000085c00000| Complete 
|  93|0x0000000085d00000, 0x0000000085e00000, 0x0000000085e00000|100%| O|  |TAMS 0x0000000085d00000, 0x0000000085d00000| Untracked 
|  94|0x0000000085e00000, 0x0000000085f00000, 0x0000000085f00000|100%|HS|  |TAMS 0x0000000085e00000, 0x0000000085e00000| Complete 
|  95|0x0000000085f00000, 0x0000000086000000, 0x0000000086000000|100%| O|  |TAMS 0x0000000085f00000, 0x0000000085f00000| Untracked 
|  96|0x0000000086000000, 0x0000000086100000, 0x0000000086100000|100%| O|  |TAMS 0x0000000086000000, 0x0000000086000000| Untracked 
|  97|0x0000000086100000, 0x0000000086200000, 0x0000000086200000|100%| O|  |TAMS 0x0000000086100000, 0x0000000086100000| Untracked 
|  98|0x0000000086200000, 0x0000000086300000, 0x0000000086300000|100%| O|  |TAMS 0x0000000086200000, 0x0000000086200000| Untracked 
|  99|0x0000000086300000, 0x0000000086400000, 0x0000000086400000|100%| O|  |TAMS 0x0000000086300000, 0x0000000086300000| Untracked 
| 100|0x0000000086400000, 0x0000000086500000, 0x0000000086500000|100%| O|  |TAMS 0x0000000086400000, 0x0000000086400000| Untracked 
| 101|0x0000000086500000, 0x0000000086600000, 0x0000000086600000|100%| O|  |TAMS 0x0000000086500000, 0x0000000086500000| Untracked 
| 102|0x0000000086600000, 0x0000000086700000, 0x0000000086700000|100%| O|  |TAMS 0x0000000086600000, 0x0000000086600000| Untracked 
| 103|0x0000000086700000, 0x0000000086800000, 0x0000000086800000|100%| O|  |TAMS 0x0000000086700000, 0x0000000086700000| Untracked 
| 104|0x0000000086800000, 0x0000000086900000, 0x0000000086900000|100%| O|  |TAMS 0x0000000086800000, 0x0000000086800000| Untracked 
| 105|0x0000000086900000, 0x0000000086a00000, 0x0000000086a00000|100%| O|  |TAMS 0x0000000086900000, 0x0000000086900000| Untracked 
| 106|0x0000000086a00000, 0x0000000086b00000, 0x0000000086b00000|100%| O|  |TAMS 0x0000000086a00000, 0x0000000086a00000| Untracked 
| 107|0x0000000086b00000, 0x0000000086c00000, 0x0000000086c00000|100%| O|  |TAMS 0x0000000086b00000, 0x0000000086b00000| Untracked 
| 108|0x0000000086c00000, 0x0000000086d00000, 0x0000000086d00000|100%| O|  |TAMS 0x0000000086c00000, 0x0000000086c00000| Untracked 
| 109|0x0000000086d00000, 0x0000000086d00000, 0x0000000086e00000|  0%| F|  |TAMS 0x0000000086d00000, 0x0000000086d00000| Untracked 
| 110|0x0000000086e00000, 0x0000000086f00000, 0x0000000086f00000|100%| O|  |TAMS 0x0000000086e00000, 0x0000000086e00000| Untracked 
| 111|0x0000000086f00000, 0x0000000087000000, 0x0000000087000000|100%| O|  |TAMS 0x0000000086f00000, 0x0000000086f00000| Untracked 
| 112|0x0000000087000000, 0x0000000087100000, 0x0000000087100000|100%| O|  |TAMS 0x0000000087000000, 0x0000000087000000| Untracked 
| 113|0x0000000087100000, 0x0000000087200000, 0x0000000087200000|100%| O|  |TAMS 0x0000000087100000, 0x0000000087100000| Untracked 
| 114|0x0000000087200000, 0x0000000087300000, 0x0000000087300000|100%| O|  |TAMS 0x0000000087200000, 0x0000000087200000| Untracked 
| 115|0x0000000087300000, 0x0000000087400000, 0x0000000087400000|100%| O|  |TAMS 0x0000000087300000, 0x0000000087300000| Untracked 
| 116|0x0000000087400000, 0x0000000087500000, 0x0000000087500000|100%| O|  |TAMS 0x0000000087400000, 0x0000000087400000| Untracked 
| 117|0x0000000087500000, 0x000000008753d200, 0x0000000087600000| 23%| O|  |TAMS 0x0000000087500000, 0x0000000087500000| Untracked 
| 118|0x0000000087600000, 0x0000000087600000, 0x0000000087700000|  0%| F|  |TAMS 0x0000000087600000, 0x0000000087600000| Untracked 
| 119|0x0000000087700000, 0x0000000087700000, 0x0000000087800000|  0%| F|  |TAMS 0x0000000087700000, 0x0000000087700000| Untracked 
| 120|0x0000000087800000, 0x0000000087800000, 0x0000000087900000|  0%| F|  |TAMS 0x0000000087800000, 0x0000000087800000| Untracked 
| 121|0x0000000087900000, 0x0000000087900000, 0x0000000087a00000|  0%| F|  |TAMS 0x0000000087900000, 0x0000000087900000| Untracked 
| 122|0x0000000087a00000, 0x0000000087a00000, 0x0000000087b00000|  0%| F|  |TAMS 0x0000000087a00000, 0x0000000087a00000| Untracked 
| 123|0x0000000087b00000, 0x0000000087b00000, 0x0000000087c00000|  0%| F|  |TAMS 0x0000000087b00000, 0x0000000087b00000| Untracked 
| 124|0x0000000087c00000, 0x0000000087c00000, 0x0000000087d00000|  0%| F|  |TAMS 0x0000000087c00000, 0x0000000087c00000| Untracked 
| 125|0x0000000087d00000, 0x0000000087d00000, 0x0000000087e00000|  0%| F|  |TAMS 0x0000000087d00000, 0x0000000087d00000| Untracked 
| 126|0x0000000087e00000, 0x0000000087e00000, 0x0000000087f00000|  0%| F|  |TAMS 0x0000000087e00000, 0x0000000087e00000| Untracked 
| 127|0x0000000087f00000, 0x0000000087f00000, 0x0000000088000000|  0%| F|  |TAMS 0x0000000087f00000, 0x0000000087f00000| Untracked 
| 128|0x0000000088000000, 0x0000000088000000, 0x0000000088100000|  0%| F|  |TAMS 0x0000000088000000, 0x0000000088000000| Untracked 
| 129|0x0000000088100000, 0x0000000088100000, 0x0000000088200000|  0%| F|  |TAMS 0x0000000088100000, 0x0000000088100000| Untracked 
| 130|0x0000000088200000, 0x0000000088200000, 0x0000000088300000|  0%| F|  |TAMS 0x0000000088200000, 0x0000000088200000| Untracked 
| 131|0x0000000088300000, 0x0000000088300000, 0x0000000088400000|  0%| F|  |TAMS 0x0000000088300000, 0x0000000088300000| Untracked 
| 132|0x0000000088400000, 0x0000000088400000, 0x0000000088500000|  0%| F|  |TAMS 0x0000000088400000, 0x0000000088400000| Untracked 
| 133|0x0000000088500000, 0x0000000088500000, 0x0000000088600000|  0%| F|  |TAMS 0x0000000088500000, 0x0000000088500000| Untracked 
| 134|0x0000000088600000, 0x0000000088600000, 0x0000000088700000|  0%| F|  |TAMS 0x0000000088600000, 0x0000000088600000| Untracked 
| 135|0x0000000088700000, 0x0000000088700000, 0x0000000088800000|  0%| F|  |TAMS 0x0000000088700000, 0x0000000088700000| Untracked 
| 136|0x0000000088800000, 0x0000000088800000, 0x0000000088900000|  0%| F|  |TAMS 0x0000000088800000, 0x0000000088800000| Untracked 
| 137|0x0000000088900000, 0x0000000088900000, 0x0000000088a00000|  0%| F|  |TAMS 0x0000000088900000, 0x0000000088900000| Untracked 
| 138|0x0000000088a00000, 0x0000000088a00000, 0x0000000088b00000|  0%| F|  |TAMS 0x0000000088a00000, 0x0000000088a00000| Untracked 
| 139|0x0000000088b00000, 0x0000000088b00000, 0x0000000088c00000|  0%| F|  |TAMS 0x0000000088b00000, 0x0000000088b00000| Untracked 
| 140|0x0000000088c00000, 0x0000000088c00000, 0x0000000088d00000|  0%| F|  |TAMS 0x0000000088c00000, 0x0000000088c00000| Untracked 
| 141|0x0000000088d00000, 0x0000000088e00000, 0x0000000088e00000|100%| S|CS|TAMS 0x0000000088d00000, 0x0000000088d00000| Complete 
| 142|0x0000000088e00000, 0x0000000088f00000, 0x0000000088f00000|100%| S|CS|TAMS 0x0000000088e00000, 0x0000000088e00000| Complete 
| 143|0x0000000088f00000, 0x0000000089000000, 0x0000000089000000|100%| S|CS|TAMS 0x0000000088f00000, 0x0000000088f00000| Complete 
| 144|0x0000000089000000, 0x0000000089100000, 0x0000000089100000|100%| S|CS|TAMS 0x0000000089000000, 0x0000000089000000| Complete 
| 145|0x0000000089100000, 0x0000000089200000, 0x0000000089200000|100%| S|CS|TAMS 0x0000000089100000, 0x0000000089100000| Complete 
| 146|0x0000000089200000, 0x0000000089300000, 0x0000000089300000|100%| S|CS|TAMS 0x0000000089200000, 0x0000000089200000| Complete 
| 147|0x0000000089300000, 0x0000000089300000, 0x0000000089400000|  0%| F|  |TAMS 0x0000000089300000, 0x0000000089300000| Untracked 
| 148|0x0000000089400000, 0x0000000089400000, 0x0000000089500000|  0%| F|  |TAMS 0x0000000089400000, 0x0000000089400000| Untracked 
| 149|0x0000000089500000, 0x0000000089500000, 0x0000000089600000|  0%| F|  |TAMS 0x0000000089500000, 0x0000000089500000| Untracked 
| 150|0x0000000089600000, 0x0000000089700000, 0x0000000089700000|100%| S|CS|TAMS 0x0000000089600000, 0x0000000089600000| Complete 
| 151|0x0000000089700000, 0x0000000089800000, 0x0000000089800000|100%| S|CS|TAMS 0x0000000089700000, 0x0000000089700000| Complete 
| 152|0x0000000089800000, 0x0000000089800000, 0x0000000089900000|  0%| F|  |TAMS 0x0000000089800000, 0x0000000089800000| Untracked 
| 153|0x0000000089900000, 0x0000000089900000, 0x0000000089a00000|  0%| F|  |TAMS 0x0000000089900000, 0x0000000089900000| Untracked 
| 154|0x0000000089a00000, 0x0000000089a00000, 0x0000000089b00000|  0%| F|  |TAMS 0x0000000089a00000, 0x0000000089a00000| Untracked 
| 155|0x0000000089b00000, 0x0000000089b00000, 0x0000000089c00000|  0%| F|  |TAMS 0x0000000089b00000, 0x0000000089b00000| Untracked 
| 156|0x0000000089c00000, 0x0000000089c00000, 0x0000000089d00000|  0%| F|  |TAMS 0x0000000089c00000, 0x0000000089c00000| Untracked 
| 157|0x0000000089d00000, 0x0000000089d00000, 0x0000000089e00000|  0%| F|  |TAMS 0x0000000089d00000, 0x0000000089d00000| Untracked 
| 158|0x0000000089e00000, 0x0000000089e00000, 0x0000000089f00000|  0%| F|  |TAMS 0x0000000089e00000, 0x0000000089e00000| Untracked 
| 159|0x0000000089f00000, 0x0000000089f00000, 0x000000008a000000|  0%| F|  |TAMS 0x0000000089f00000, 0x0000000089f00000| Untracked 
| 160|0x000000008a000000, 0x000000008a000000, 0x000000008a100000|  0%| F|  |TAMS 0x000000008a000000, 0x000000008a000000| Untracked 
| 161|0x000000008a100000, 0x000000008a100000, 0x000000008a200000|  0%| F|  |TAMS 0x000000008a100000, 0x000000008a100000| Untracked 
| 162|0x000000008a200000, 0x000000008a200000, 0x000000008a300000|  0%| F|  |TAMS 0x000000008a200000, 0x000000008a200000| Untracked 
| 163|0x000000008a300000, 0x000000008a300000, 0x000000008a400000|  0%| F|  |TAMS 0x000000008a300000, 0x000000008a300000| Untracked 
| 164|0x000000008a400000, 0x000000008a400000, 0x000000008a500000|  0%| F|  |TAMS 0x000000008a400000, 0x000000008a400000| Untracked 
| 165|0x000000008a500000, 0x000000008a500000, 0x000000008a600000|  0%| F|  |TAMS 0x000000008a500000, 0x000000008a500000| Untracked 
| 166|0x000000008a600000, 0x000000008a600000, 0x000000008a700000|  0%| F|  |TAMS 0x000000008a600000, 0x000000008a600000| Untracked 
| 167|0x000000008a700000, 0x000000008a700000, 0x000000008a800000|  0%| F|  |TAMS 0x000000008a700000, 0x000000008a700000| Untracked 
| 168|0x000000008a800000, 0x000000008a800000, 0x000000008a900000|  0%| F|  |TAMS 0x000000008a800000, 0x000000008a800000| Untracked 
| 169|0x000000008a900000, 0x000000008a900000, 0x000000008aa00000|  0%| F|  |TAMS 0x000000008a900000, 0x000000008a900000| Untracked 
| 170|0x000000008aa00000, 0x000000008aa00000, 0x000000008ab00000|  0%| F|  |TAMS 0x000000008aa00000, 0x000000008aa00000| Untracked 
| 171|0x000000008ab00000, 0x000000008ab00000, 0x000000008ac00000|  0%| F|  |TAMS 0x000000008ab00000, 0x000000008ab00000| Untracked 
| 172|0x000000008ac00000, 0x000000008ac00000, 0x000000008ad00000|  0%| F|  |TAMS 0x000000008ac00000, 0x000000008ac00000| Untracked 
| 173|0x000000008ad00000, 0x000000008ad00000, 0x000000008ae00000|  0%| F|  |TAMS 0x000000008ad00000, 0x000000008ad00000| Untracked 
| 174|0x000000008ae00000, 0x000000008ae00000, 0x000000008af00000|  0%| F|  |TAMS 0x000000008ae00000, 0x000000008ae00000| Untracked 
| 175|0x000000008af00000, 0x000000008af00000, 0x000000008b000000|  0%| F|  |TAMS 0x000000008af00000, 0x000000008af00000| Untracked 
| 176|0x000000008b000000, 0x000000008b000000, 0x000000008b100000|  0%| F|  |TAMS 0x000000008b000000, 0x000000008b000000| Untracked 
| 177|0x000000008b100000, 0x000000008b100000, 0x000000008b200000|  0%| F|  |TAMS 0x000000008b100000, 0x000000008b100000| Untracked 
| 178|0x000000008b200000, 0x000000008b200000, 0x000000008b300000|  0%| F|  |TAMS 0x000000008b200000, 0x000000008b200000| Untracked 
| 179|0x000000008b300000, 0x000000008b300000, 0x000000008b400000|  0%| F|  |TAMS 0x000000008b300000, 0x000000008b300000| Untracked 
| 180|0x000000008b400000, 0x000000008b400000, 0x000000008b500000|  0%| F|  |TAMS 0x000000008b400000, 0x000000008b400000| Untracked 
| 181|0x000000008b500000, 0x000000008b500000, 0x000000008b600000|  0%| F|  |TAMS 0x000000008b500000, 0x000000008b500000| Untracked 
| 182|0x000000008b600000, 0x000000008b600000, 0x000000008b700000|  0%| F|  |TAMS 0x000000008b600000, 0x000000008b600000| Untracked 
| 183|0x000000008b700000, 0x000000008b700000, 0x000000008b800000|  0%| F|  |TAMS 0x000000008b700000, 0x000000008b700000| Untracked 
| 184|0x000000008b800000, 0x000000008b800000, 0x000000008b900000|  0%| F|  |TAMS 0x000000008b800000, 0x000000008b800000| Untracked 
| 185|0x000000008b900000, 0x000000008b900000, 0x000000008ba00000|  0%| F|  |TAMS 0x000000008b900000, 0x000000008b900000| Untracked 
| 186|0x000000008ba00000, 0x000000008ba00000, 0x000000008bb00000|  0%| F|  |TAMS 0x000000008ba00000, 0x000000008ba00000| Untracked 
| 187|0x000000008bb00000, 0x000000008bb00000, 0x000000008bc00000|  0%| F|  |TAMS 0x000000008bb00000, 0x000000008bb00000| Untracked 
| 188|0x000000008bc00000, 0x000000008bc00000, 0x000000008bd00000|  0%| F|  |TAMS 0x000000008bc00000, 0x000000008bc00000| Untracked 
| 189|0x000000008bd00000, 0x000000008bd00000, 0x000000008be00000|  0%| F|  |TAMS 0x000000008bd00000, 0x000000008bd00000| Untracked 
| 190|0x000000008be00000, 0x000000008be4ca20, 0x000000008bf00000| 29%| E|  |TAMS 0x000000008be00000, 0x000000008be00000| Complete 
| 191|0x000000008bf00000, 0x000000008c000000, 0x000000008c000000|100%| E|CS|TAMS 0x000000008bf00000, 0x000000008bf00000| Complete 
| 192|0x000000008c000000, 0x000000008c100000, 0x000000008c100000|100%| E|CS|TAMS 0x000000008c000000, 0x000000008c000000| Complete 
| 193|0x000000008c100000, 0x000000008c200000, 0x000000008c200000|100%| E|CS|TAMS 0x000000008c100000, 0x000000008c100000| Complete 
| 194|0x000000008c200000, 0x000000008c300000, 0x000000008c300000|100%| E|CS|TAMS 0x000000008c200000, 0x000000008c200000| Complete 
| 195|0x000000008c300000, 0x000000008c400000, 0x000000008c400000|100%| E|CS|TAMS 0x000000008c300000, 0x000000008c300000| Complete 
| 196|0x000000008c400000, 0x000000008c500000, 0x000000008c500000|100%| E|CS|TAMS 0x000000008c400000, 0x000000008c400000| Complete 
| 197|0x000000008c500000, 0x000000008c600000, 0x000000008c600000|100%| E|CS|TAMS 0x000000008c500000, 0x000000008c500000| Complete 
| 198|0x000000008c600000, 0x000000008c700000, 0x000000008c700000|100%| E|CS|TAMS 0x000000008c600000, 0x000000008c600000| Complete 
| 199|0x000000008c700000, 0x000000008c800000, 0x000000008c800000|100%| E|CS|TAMS 0x000000008c700000, 0x000000008c700000| Complete 
| 200|0x000000008c800000, 0x000000008c900000, 0x000000008c900000|100%| E|CS|TAMS 0x000000008c800000, 0x000000008c800000| Complete 
| 201|0x000000008c900000, 0x000000008ca00000, 0x000000008ca00000|100%| E|CS|TAMS 0x000000008c900000, 0x000000008c900000| Complete 
| 202|0x000000008ca00000, 0x000000008cb00000, 0x000000008cb00000|100%| E|CS|TAMS 0x000000008ca00000, 0x000000008ca00000| Complete 
| 203|0x000000008cb00000, 0x000000008cc00000, 0x000000008cc00000|100%| E|CS|TAMS 0x000000008cb00000, 0x000000008cb00000| Complete 
| 204|0x000000008cc00000, 0x000000008cd00000, 0x000000008cd00000|100%| E|CS|TAMS 0x000000008cc00000, 0x000000008cc00000| Complete 
| 205|0x000000008cd00000, 0x000000008ce00000, 0x000000008ce00000|100%| E|CS|TAMS 0x000000008cd00000, 0x000000008cd00000| Complete 
| 206|0x000000008ce00000, 0x000000008cf00000, 0x000000008cf00000|100%| E|CS|TAMS 0x000000008ce00000, 0x000000008ce00000| Complete 
| 207|0x000000008cf00000, 0x000000008d000000, 0x000000008d000000|100%| E|CS|TAMS 0x000000008cf00000, 0x000000008cf00000| Complete 
| 208|0x000000008d000000, 0x000000008d100000, 0x000000008d100000|100%| E|CS|TAMS 0x000000008d000000, 0x000000008d000000| Complete 
| 209|0x000000008d100000, 0x000000008d200000, 0x000000008d200000|100%| E|CS|TAMS 0x000000008d100000, 0x000000008d100000| Complete 
| 210|0x000000008d200000, 0x000000008d300000, 0x000000008d300000|100%| E|CS|TAMS 0x000000008d200000, 0x000000008d200000| Complete 
| 211|0x000000008d300000, 0x000000008d400000, 0x000000008d400000|100%| E|CS|TAMS 0x000000008d300000, 0x000000008d300000| Complete 
| 251|0x000000008fb00000, 0x000000008fc00000, 0x000000008fc00000|100%| E|CS|TAMS 0x000000008fb00000, 0x000000008fb00000| Complete 

Card table byte_map: [0x0000019466c10000,0x0000019467010000] _byte_map_base: 0x0000019466810000

Marking Bits (Prev, Next): (CMBitMap*) 0x000001944fa396d0, (CMBitMap*) 0x000001944fa39710
 Prev Bits: [0x0000019467410000, 0x0000019469410000)
 Next Bits: [0x0000019469410000, 0x000001946b410000)

Polling page: 0x000001944db10000

Metaspace:

Usage:
  Non-class:     86.49 MB used.
      Class:     13.92 MB used.
       Both:    100.42 MB used.

Virtual space:
  Non-class space:      128.00 MB reserved,      87.12 MB ( 68%) committed,  2 nodes.
      Class space:      416.00 MB reserved,      14.44 MB (  3%) committed,  1 nodes.
             Both:      544.00 MB reserved,     101.56 MB ( 19%) committed. 

Chunk freelists:
   Non-Class:  8.28 MB
       Class:  1.58 MB
        Both:  9.87 MB

MaxMetaspaceSize: 512.00 MB
CompressedClassSpaceSize: 416.00 MB
Initial GC threshold: 21.00 MB
Current GC threshold: 106.25 MB
CDS: on
MetaspaceReclaimPolicy: balanced
 - commit_granule_bytes: 65536.
 - commit_granule_words: 8192.
 - virtual_space_node_default_size: 8388608.
 - enlarge_chunks_in_place: 1.
 - new_chunks_are_fully_committed: 0.
 - uncommit_free_chunks: 1.
 - use_allocation_guard: 0.
 - handle_deallocations: 1.


Internal statistics:

num_allocs_failed_limit: 6.
num_arena_births: 1440.
num_arena_deaths: 0.
num_vsnodes_births: 3.
num_vsnodes_deaths: 0.
num_space_committed: 1625.
num_space_uncommitted: 0.
num_chunks_returned_to_freelist: 6.
num_chunks_taken_from_freelist: 5958.
num_chunk_merges: 6.
num_chunk_splits: 3842.
num_chunks_enlarged: 2446.
num_inconsistent_stats: 0.

CodeHeap 'non-profiled nmethods': size=120000Kb used=8021Kb max_used=8021Kb free=111978Kb
 bounds [0x000001945efa0000, 0x000001945f780000, 0x00000194664d0000]
CodeHeap 'profiled nmethods': size=120000Kb used=23210Kb max_used=23210Kb free=96789Kb
 bounds [0x00000194574d0000, 0x0000019458b80000, 0x000001945ea00000]
CodeHeap 'non-nmethods': size=5760Kb used=2468Kb max_used=2527Kb free=3292Kb
 bounds [0x000001945ea00000, 0x000001945ec90000, 0x000001945efa0000]
 total_blobs=12687 nmethods=11688 adapters=911
 compilation: enabled
              stopped_count=0, restarted_count=0
 full_count=0

Compilation events (20 events):
Event: 26.585 Thread 0x000001946decc0a0 13151       3       groovyjarjarasm.asm.Label::<init> (5 bytes)
Event: 26.585 Thread 0x000001946decc0a0 nmethod 13151 0x0000019458b47010 code [0x0000019458b471a0, 0x0000019458b472f8]
Event: 26.585 Thread 0x000001946decc0a0 13150       3       groovyjarjarasm.asm.ByteVector::put12 (64 bytes)
Event: 26.585 Thread 0x000001946decc0a0 nmethod 13150 0x0000019458b47390 code [0x0000019458b47540, 0x0000019458b47768]
Event: 26.585 Thread 0x000001946decc0a0 13152       3       groovyjarjarasm.asm.Frame::<init> (10 bytes)
Event: 26.585 Thread 0x000001946decc0a0 nmethod 13152 0x0000019458b47910 code [0x0000019458b47aa0, 0x0000019458b47c58]
Event: 26.586 Thread 0x000001946decc0a0 13153       3       org.gradle.groovy.scripts.DelegatingScriptSource::getClassName (10 bytes)
Event: 26.586 Thread 0x000001946decc0a0 nmethod 13153 0x0000019458b47d10 code [0x0000019458b47ec0, 0x0000019458b48088]
Event: 26.586 Thread 0x000001946decc0a0 13154       3       org.gradle.groovy.scripts.TextResourceScriptSource::getClassName (20 bytes)
Event: 26.586 Thread 0x000001946decc0a0 nmethod 13154 0x0000019458b48190 code [0x0000019458b48340, 0x0000019458b48528]
Event: 26.593 Thread 0x000001946decc0a0 13155       3       org.codehaus.groovy.runtime.callsite.CallSiteArray$$Lambda$607/0x00000194014c2f40::apply (13 bytes)
Event: 26.594 Thread 0x000001946decc0a0 nmethod 13155 0x0000019458b48610 code [0x0000019458b487c0, 0x0000019458b48908]
Event: 26.594 Thread 0x000001946decc0a0 13156       3       org.codehaus.groovy.runtime.callsite.CallSiteArray::lambda$new$0 (13 bytes)
Event: 26.594 Thread 0x000001946decc0a0 nmethod 13156 0x0000019458b48a10 code [0x0000019458b48bc0, 0x0000019458b48ed8]
Event: 26.594 Thread 0x000001946decc0a0 13157       3       org.codehaus.groovy.runtime.callsite.AbstractCallSite::<init> (20 bytes)
Event: 26.594 Thread 0x000001946decc0a0 nmethod 13157 0x0000019458b49010 code [0x0000019458b491c0, 0x0000019458b493f8]
Event: 26.594 Thread 0x000001946decc0a0 13159       3       groovyjarjarasm.asm.SymbolTable::addConstantMemberReference (147 bytes)
Event: 26.595 Thread 0x000001946decc0a0 nmethod 13159 0x0000019458b49510 code [0x0000019458b49780, 0x0000019458b4a068]
Event: 26.595 Thread 0x000001946decc0a0 13158       3       groovyjarjarasm.asm.MethodWriter::visitLabel (332 bytes)
Event: 26.596 Thread 0x000001946decc0a0 nmethod 13158 0x0000019458b4a590 code [0x0000019458b4a800, 0x0000019458b4b5a8]

GC Heap History (20 events):
Event: 18.559 GC heap before
{Heap before GC invocations=31 (full 0):
 garbage-first heap   total 218112K, used 166081K [0x0000000080000000, 0x0000000100000000)
  region size 1024K, 95 young (97280K), 9 survivors (9216K)
 Metaspace       used 75885K, committed 76800K, reserved 557056K
  class space    used 10662K, committed 11136K, reserved 425984K
}
Event: 18.571 GC heap after
{Heap after GC invocations=32 (full 0):
 garbage-first heap   total 218112K, used 85387K [0x0000000080000000, 0x0000000100000000)
  region size 1024K, 11 young (11264K), 11 survivors (11264K)
 Metaspace       used 75885K, committed 76800K, reserved 557056K
  class space    used 10662K, committed 11136K, reserved 425984K
}
Event: 19.330 GC heap before
{Heap before GC invocations=32 (full 0):
 garbage-first heap   total 218112K, used 165259K [0x0000000080000000, 0x0000000100000000)
  region size 1024K, 90 young (92160K), 11 survivors (11264K)
 Metaspace       used 76170K, committed 77120K, reserved 557056K
  class space    used 10664K, committed 11136K, reserved 425984K
}
Event: 19.338 GC heap after
{Heap after GC invocations=33 (full 0):
 garbage-first heap   total 218112K, used 88537K [0x0000000080000000, 0x0000000100000000)
  region size 1024K, 6 young (6144K), 6 survivors (6144K)
 Metaspace       used 76170K, committed 77120K, reserved 557056K
  class space    used 10664K, committed 11136K, reserved 425984K
}
Event: 19.847 GC heap before
{Heap before GC invocations=33 (full 0):
 garbage-first heap   total 218112K, used 168409K [0x0000000080000000, 0x0000000100000000)
  region size 1024K, 85 young (87040K), 6 survivors (6144K)
 Metaspace       used 76175K, committed 77120K, reserved 557056K
  class space    used 10664K, committed 11136K, reserved 425984K
}
Event: 19.851 GC heap after
{Heap after GC invocations=34 (full 0):
 garbage-first heap   total 218112K, used 89339K [0x0000000080000000, 0x0000000100000000)
  region size 1024K, 6 young (6144K), 6 survivors (6144K)
 Metaspace       used 76175K, committed 77120K, reserved 557056K
  class space    used 10664K, committed 11136K, reserved 425984K
}
Event: 21.282 GC heap before
{Heap before GC invocations=34 (full 0):
 garbage-first heap   total 218112K, used 178427K [0x0000000080000000, 0x0000000100000000)
  region size 1024K, 87 young (89088K), 6 survivors (6144K)
 Metaspace       used 81637K, committed 82624K, reserved 557056K
  class space    used 11247K, committed 11712K, reserved 425984K
}
Event: 21.288 GC heap after
{Heap after GC invocations=35 (full 0):
 garbage-first heap   total 218112K, used 102688K [0x0000000080000000, 0x0000000100000000)
  region size 1024K, 11 young (11264K), 11 survivors (11264K)
 Metaspace       used 81637K, committed 82624K, reserved 557056K
  class space    used 11247K, committed 11712K, reserved 425984K
}
Event: 22.273 GC heap before
{Heap before GC invocations=35 (full 0):
 garbage-first heap   total 218112K, used 180512K [0x0000000080000000, 0x0000000100000000)
  region size 1024K, 82 young (83968K), 11 survivors (11264K)
 Metaspace       used 86004K, committed 86976K, reserved 557056K
  class space    used 11811K, committed 12288K, reserved 425984K
}
Event: 22.281 GC heap after
{Heap after GC invocations=36 (full 0):
 garbage-first heap   total 218112K, used 110130K [0x0000000080000000, 0x0000000100000000)
  region size 1024K, 7 young (7168K), 7 survivors (7168K)
 Metaspace       used 86004K, committed 86976K, reserved 557056K
  class space    used 11811K, committed 12288K, reserved 425984K
}
Event: 23.150 GC heap before
{Heap before GC invocations=36 (full 0):
 garbage-first heap   total 218112K, used 179762K [0x0000000080000000, 0x0000000100000000)
  region size 1024K, 73 young (74752K), 7 survivors (7168K)
 Metaspace       used 90525K, committed 91520K, reserved 557056K
  class space    used 12433K, committed 12928K, reserved 425984K
}
Event: 23.157 GC heap after
{Heap after GC invocations=37 (full 0):
 garbage-first heap   total 218112K, used 114589K [0x0000000080000000, 0x0000000100000000)
  region size 1024K, 3 young (3072K), 3 survivors (3072K)
 Metaspace       used 90525K, committed 91520K, reserved 557056K
  class space    used 12433K, committed 12928K, reserved 425984K
}
Event: 23.798 GC heap before
{Heap before GC invocations=37 (full 0):
 garbage-first heap   total 218112K, used 180125K [0x0000000080000000, 0x0000000100000000)
  region size 1024K, 67 young (68608K), 3 survivors (3072K)
 Metaspace       used 91518K, committed 92544K, reserved 557056K
  class space    used 12569K, committed 13056K, reserved 425984K
}
Event: 23.808 GC heap after
{Heap after GC invocations=38 (full 0):
 garbage-first heap   total 218112K, used 119037K [0x0000000080000000, 0x0000000100000000)
  region size 1024K, 8 young (8192K), 8 survivors (8192K)
 Metaspace       used 91518K, committed 92544K, reserved 557056K
  class space    used 12569K, committed 13056K, reserved 425984K
}
Event: 24.704 GC heap before
{Heap before GC invocations=38 (full 0):
 garbage-first heap   total 218112K, used 181501K [0x0000000080000000, 0x0000000100000000)
  region size 1024K, 68 young (69632K), 8 survivors (8192K)
 Metaspace       used 95416K, committed 96448K, reserved 557056K
  class space    used 13160K, committed 13632K, reserved 425984K
}
Event: 24.709 GC heap after
{Heap after GC invocations=39 (full 0):
 garbage-first heap   total 218112K, used 121242K [0x0000000080000000, 0x0000000100000000)
  region size 1024K, 3 young (3072K), 3 survivors (3072K)
 Metaspace       used 95416K, committed 96448K, reserved 557056K
  class space    used 13160K, committed 13632K, reserved 425984K
}
Event: 25.507 GC heap before
{Heap before GC invocations=39 (full 0):
 garbage-first heap   total 218112K, used 181658K [0x0000000080000000, 0x0000000100000000)
  region size 1024K, 62 young (63488K), 3 survivors (3072K)
 Metaspace       used 99227K, committed 100288K, reserved 557056K
  class space    used 13759K, committed 14272K, reserved 425984K
}
Event: 25.514 GC heap after
{Heap after GC invocations=40 (full 0):
 garbage-first heap   total 218112K, used 122511K [0x0000000080000000, 0x0000000100000000)
  region size 1024K, 4 young (4096K), 4 survivors (4096K)
 Metaspace       used 99227K, committed 100288K, reserved 557056K
  class space    used 13759K, committed 14272K, reserved 425984K
}
Event: 26.291 GC heap before
{Heap before GC invocations=40 (full 0):
 garbage-first heap   total 218112K, used 183951K [0x0000000080000000, 0x0000000100000000)
  region size 1024K, 64 young (65536K), 4 survivors (4096K)
 Metaspace       used 101857K, committed 102912K, reserved 557056K
  class space    used 14134K, committed 14656K, reserved 425984K
}
Event: 26.299 GC heap after
{Heap after GC invocations=41 (full 0):
 garbage-first heap   total 218112K, used 127220K [0x0000000080000000, 0x0000000100000000)
  region size 1024K, 8 young (8192K), 8 survivors (8192K)
 Metaspace       used 101857K, committed 102912K, reserved 557056K
  class space    used 14134K, committed 14656K, reserved 425984K
}

Dll operation events (14 events):
Event: 0.013 Loaded shared library C:\Program Files\Microsoft\jdk-17.0.8.7-hotspot\bin\java.dll
Event: 0.037 Loaded shared library C:\Program Files\Microsoft\jdk-17.0.8.7-hotspot\bin\jsvml.dll
Event: 0.089 Loaded shared library C:\Program Files\Microsoft\jdk-17.0.8.7-hotspot\bin\zip.dll
Event: 0.092 Loaded shared library C:\Program Files\Microsoft\jdk-17.0.8.7-hotspot\bin\instrument.dll
Event: 0.101 Loaded shared library C:\Program Files\Microsoft\jdk-17.0.8.7-hotspot\bin\net.dll
Event: 0.102 Loaded shared library C:\Program Files\Microsoft\jdk-17.0.8.7-hotspot\bin\nio.dll
Event: 0.104 Loaded shared library C:\Program Files\Microsoft\jdk-17.0.8.7-hotspot\bin\zip.dll
Event: 0.402 Loaded shared library C:\Program Files\Microsoft\jdk-17.0.8.7-hotspot\bin\jimage.dll
Event: 0.627 Loaded shared library C:\Program Files\Microsoft\jdk-17.0.8.7-hotspot\bin\verify.dll
Event: 0.806 Loaded shared library C:\Users\Yogesh\.gradle\native\c067742578af261105cb4f569cf0c3c89f3d7b1fecec35dd04571415982c5e48\windows-amd64\native-platform.dll
Event: 0.834 Loaded shared library C:\Users\Yogesh\.gradle\native\100fb08df4bc3b14c8652ba06237920a3bd2aa13389f12d3474272988ae205f9\windows-amd64\native-platform-file-events.dll
Event: 2.064 Loaded shared library C:\Program Files\Microsoft\jdk-17.0.8.7-hotspot\bin\management.dll
Event: 2.069 Loaded shared library C:\Program Files\Microsoft\jdk-17.0.8.7-hotspot\bin\management_ext.dll
Event: 2.674 Loaded shared library C:\Program Files\Microsoft\jdk-17.0.8.7-hotspot\bin\sunmscapi.dll

Deoptimization events (20 events):
Event: 26.370 Thread 0x000001946e8bd670 Uncommon trap: trap_request=0xffffff45 fr.pc=0x000001945f62169c relative=0x00000000000001fc
Event: 26.370 Thread 0x000001946e8bd670 Uncommon trap: reason=unstable_if action=reinterpret pc=0x000001945f62169c method=org.gradle.internal.instantiation.generator.AbstractClassGenerator.isNameProperty(Lorg/gradle/internal/instantiation/generator/AbstractClassGenerator$PropertyMetadata;)Z @ 2
Event: 26.370 Thread 0x000001946e8bd670 DEOPT PACKING pc=0x000001945f62169c sp=0x0000005a373f1270
Event: 26.370 Thread 0x000001946e8bd670 DEOPT UNPACKING pc=0x000001945ea5a1a3 sp=0x0000005a373f1200 mode 2
Event: 26.464 Thread 0x000001946e8bd670 DEOPT PACKING pc=0x00000194586527f1 sp=0x0000005a373f2be0
Event: 26.464 Thread 0x000001946e8bd670 DEOPT UNPACKING pc=0x000001945ea5ace3 sp=0x0000005a373f2040 mode 0
Event: 26.491 Thread 0x000001946e8bd670 DEOPT PACKING pc=0x00000194589cde60 sp=0x0000005a373f1730
Event: 26.491 Thread 0x000001946e8bd670 DEOPT UNPACKING pc=0x000001945ea5ace3 sp=0x0000005a373f0c38 mode 0
Event: 26.576 Thread 0x000001946e8bd670 Uncommon trap: trap_request=0xffffff45 fr.pc=0x000001945f7478b4 relative=0x00000000000004f4
Event: 26.576 Thread 0x000001946e8bd670 Uncommon trap: reason=unstable_if action=reinterpret pc=0x000001945f7478b4 method=groovy.lang.MetaClassImpl.filterPropertyMethod(Ljava/lang/Object;ZZ)Ljava/lang/Object; @ 80 c2
Event: 26.576 Thread 0x000001946e8bd670 DEOPT PACKING pc=0x000001945f7478b4 sp=0x0000005a373f60a0
Event: 26.576 Thread 0x000001946e8bd670 DEOPT UNPACKING pc=0x000001945ea5a1a3 sp=0x0000005a373f6010 mode 2
Event: 26.594 Thread 0x000001946e8bd670 Uncommon trap: trap_request=0xffffff45 fr.pc=0x000001945f70ef9c relative=0x000000000000231c
Event: 26.594 Thread 0x000001946e8bd670 Uncommon trap: reason=unstable_if action=reinterpret pc=0x000001945f70ef9c method=java.lang.ClassLoader.checkCerts(Ljava/lang/String;Ljava/security/CodeSource;)V @ 30 c2
Event: 26.594 Thread 0x000001946e8bd670 DEOPT PACKING pc=0x000001945f70ef9c sp=0x0000005a373f56a0
Event: 26.595 Thread 0x000001946e8bd670 DEOPT UNPACKING pc=0x000001945ea5a1a3 sp=0x0000005a373f55d0 mode 2
Event: 26.595 Thread 0x000001946e8bd670 Uncommon trap: trap_request=0xffffff45 fr.pc=0x000001945effa454 relative=0x0000000000000ad4
Event: 26.595 Thread 0x000001946e8bd670 Uncommon trap: reason=unstable_if action=reinterpret pc=0x000001945effa454 method=java.lang.ClassLoader.loadClass(Ljava/lang/String;Z)Ljava/lang/Class; @ 29 c2
Event: 26.595 Thread 0x000001946e8bd670 DEOPT PACKING pc=0x000001945effa454 sp=0x0000005a373f16f0
Event: 26.595 Thread 0x000001946e8bd670 DEOPT UNPACKING pc=0x000001945ea5a1a3 sp=0x0000005a373f16b8 mode 2

Classes unloaded (0 events):
No events

Classes redefined (0 events):
No events

Internal exceptions (20 events):
Event: 26.273 Thread 0x000001946e8bd670 Exception <a 'java/lang/ClassNotFoundException'{0x0000000089a796f8}: org/gradle/api/DefaultTask_DecoratedCustomizer> (0x0000000089a796f8) 
thrown [s\src\hotspot\share\classfile\systemDictionary.cpp, line 256]
Event: 26.466 Thread 0x000001946e8bd670 Exception <a 'java/lang/ClassNotFoundException'{0x000000008c9728d0}: com/android/build/gradle/internal/lint/AndroidLintAnalysisTask_DecoratedBeanInfo> (0x000000008c9728d0) 
thrown [s\src\hotspot\share\classfile\systemDictionary.cpp, line 256]
Event: 26.467 Thread 0x000001946e8bd670 Exception <a 'java/lang/ClassNotFoundException'{0x000000008c9870f0}: com/android/build/gradle/internal/lint/AndroidLintAnalysisTaskBeanInfo> (0x000000008c9870f0) 
thrown [s\src\hotspot\share\classfile\systemDictionary.cpp, line 256]
Event: 26.468 Thread 0x000001946e8bd670 Exception <a 'java/lang/ClassNotFoundException'{0x000000008c99b650}: com/android/build/gradle/internal/tasks/NonIncrementalTaskBeanInfo> (0x000000008c99b650) 
thrown [s\src\hotspot\share\classfile\systemDictionary.cpp, line 256]
Event: 26.468 Thread 0x000001946e8bd670 Exception <a 'java/lang/ClassNotFoundException'{0x000000008c9afbb0}: com/android/build/gradle/internal/tasks/AndroidVariantTaskBeanInfo> (0x000000008c9afbb0) 
thrown [s\src\hotspot\share\classfile\systemDictionary.cpp, line 256]
Event: 26.468 Thread 0x000001946e8bd670 Exception <a 'java/lang/ClassNotFoundException'{0x000000008c9c3f58}: com/android/build/gradle/internal/tasks/BaseTaskBeanInfo> (0x000000008c9c3f58) 
thrown [s\src\hotspot\share\classfile\systemDictionary.cpp, line 256]
Event: 26.469 Thread 0x000001946e8bd670 Exception <a 'java/lang/ClassNotFoundException'{0x000000008c9d8318}: com/android/build/gradle/internal/tasks/BaseTaskCustomizer> (0x000000008c9d8318) 
thrown [s\src\hotspot\share\classfile\systemDictionary.cpp, line 256]
Event: 26.470 Thread 0x000001946e8bd670 Exception <a 'java/lang/ClassNotFoundException'{0x000000008c9fda80}: com/android/build/gradle/internal/tasks/AndroidVariantTaskCustomizer> (0x000000008c9fda80) 
thrown [s\src\hotspot\share\classfile\systemDictionary.cpp, line 256]
Event: 26.471 Thread 0x000001946e8bd670 Exception <a 'java/lang/ClassNotFoundException'{0x000000008c821bf0}: com/android/build/gradle/internal/tasks/NonIncrementalTaskCustomizer> (0x000000008c821bf0) 
thrown [s\src\hotspot\share\classfile\systemDictionary.cpp, line 256]
Event: 26.472 Thread 0x000001946e8bd670 Exception <a 'java/lang/ClassNotFoundException'{0x000000008c844828}: com/android/build/gradle/internal/lint/AndroidLintAnalysisTaskCustomizer> (0x000000008c844828) 
thrown [s\src\hotspot\share\classfile\systemDictionary.cpp, line 256]
Event: 26.473 Thread 0x000001946e8bd670 Exception <a 'java/lang/ClassNotFoundException'{0x000000008c883c10}: com/android/build/gradle/internal/lint/AndroidLintAnalysisTask_DecoratedCustomizer> (0x000000008c883c10) 
thrown [s\src\hotspot\share\classfile\systemDictionary.cpp, line 256]
Event: 26.496 Thread 0x000001946e8bd670 Exception <a 'java/lang/ClassNotFoundException'{0x000000008c64cab0}: com/android/build/gradle/internal/lint/LintModelWriterTask_DecoratedBeanInfo> (0x000000008c64cab0) 
thrown [s\src\hotspot\share\classfile\systemDictionary.cpp, line 256]
Event: 26.497 Thread 0x000001946e8bd670 Exception <a 'java/lang/ClassNotFoundException'{0x000000008c661010}: com/android/build/gradle/internal/lint/LintModelWriterTaskBeanInfo> (0x000000008c661010) 
thrown [s\src\hotspot\share\classfile\systemDictionary.cpp, line 256]
Event: 26.498 Thread 0x000001946e8bd670 Exception <a 'java/lang/ClassNotFoundException'{0x000000008c675560}: com/android/build/gradle/internal/lint/LintModelWriterTaskCustomizer> (0x000000008c675560) 
thrown [s\src\hotspot\share\classfile\systemDictionary.cpp, line 256]
Event: 26.499 Thread 0x000001946e8bd670 Exception <a 'java/lang/ClassNotFoundException'{0x000000008c6a10c0}: com/android/build/gradle/internal/lint/LintModelWriterTask_DecoratedCustomizer> (0x000000008c6a10c0) 
thrown [s\src\hotspot\share\classfile\systemDictionary.cpp, line 256]
Event: 26.541 Thread 0x000001946e8bd670 Exception <a 'java/lang/ClassNotFoundException'{0x000000008c4b4838}: build_6cndwe9m79g50q2w6ukx5e731BeanInfo> (0x000000008c4b4838) 
thrown [s\src\hotspot\share\classfile\systemDictionary.cpp, line 256]
Event: 26.541 Thread 0x000001946e8bd670 Exception <a 'java/lang/ClassNotFoundException'{0x000000008c4bb9f0}: build_6cndwe9m79g50q2w6ukx5e731Customizer> (0x000000008c4bb9f0) 
thrown [s\src\hotspot\share\classfile\systemDictionary.cpp, line 256]
Event: 26.575 Thread 0x000001946e8bd670 Exception <a 'java/lang/ClassNotFoundException'{0x000000008c21a0b0}: config_6k98obbd5j6v698ormiwtkazlBeanInfo> (0x000000008c21a0b0) 
thrown [s\src\hotspot\share\classfile\systemDictionary.cpp, line 256]
Event: 26.575 Thread 0x000001946e8bd670 Exception <a 'java/lang/ClassNotFoundException'{0x000000008c223ca8}: config_6k98obbd5j6v698ormiwtkazlCustomizer> (0x000000008c223ca8) 
thrown [s\src\hotspot\share\classfile\systemDictionary.cpp, line 256]
Event: 26.594 Thread 0x000001946e8bd670 Implicit null exception at 0x000001945f70d0d7 to 0x000001945f70ef44

VM Operations (20 events):
Event: 23.150 Executing VM operation: G1CollectForAllocation
Event: 23.157 Executing VM operation: G1CollectForAllocation done
Event: 23.505 Executing VM operation: HandshakeAllThreads
Event: 23.505 Executing VM operation: HandshakeAllThreads done
Event: 23.798 Executing VM operation: G1CollectForAllocation
Event: 23.808 Executing VM operation: G1CollectForAllocation done
Event: 23.917 Executing VM operation: HandshakeAllThreads
Event: 23.917 Executing VM operation: HandshakeAllThreads done
Event: 24.703 Executing VM operation: G1CollectForAllocation
Event: 24.709 Executing VM operation: G1CollectForAllocation done
Event: 25.218 Executing VM operation: HandshakeAllThreads
Event: 25.218 Executing VM operation: HandshakeAllThreads done
Event: 25.221 Executing VM operation: HandshakeAllThreads
Event: 25.222 Executing VM operation: HandshakeAllThreads done
Event: 25.507 Executing VM operation: G1CollectForAllocation
Event: 25.514 Executing VM operation: G1CollectForAllocation done
Event: 26.291 Executing VM operation: G1CollectForAllocation
Event: 26.299 Executing VM operation: G1CollectForAllocation done
Event: 26.440 Executing VM operation: HandshakeAllThreads
Event: 26.441 Executing VM operation: HandshakeAllThreads done

Events (20 events):
Event: 26.102 loading class java/util/ArrayListBeanInfo
Event: 26.102 loading class java/util/ArrayListBeanInfo done
Event: 26.102 loading class java/util/ArrayListBeanInfo
Event: 26.102 loading class java/util/ArrayListBeanInfo done
Event: 26.102 loading class java/util/AbstractListBeanInfo
Event: 26.102 loading class java/util/AbstractListBeanInfo done
Event: 26.103 loading class java/util/AbstractListBeanInfo
Event: 26.103 loading class java/util/AbstractListBeanInfo done
Event: 26.103 loading class java/util/AbstractListCustomizer
Event: 26.103 loading class java/util/AbstractListCustomizer done
Event: 26.103 loading class java/util/AbstractListCustomizer
Event: 26.103 loading class java/util/AbstractListCustomizer done
Event: 26.104 loading class java/util/ArrayListCustomizer
Event: 26.104 loading class java/util/ArrayListCustomizer done
Event: 26.104 loading class java/util/ArrayListCustomizer
Event: 26.104 loading class java/util/ArrayListCustomizer done
Event: 26.190 loading class java/io/FilterReader
Event: 26.191 loading class java/io/FilterReader done
Event: 26.438 loading class java/io/NotSerializableException
Event: 26.438 loading class java/io/NotSerializableException done


Dynamic libraries:
0x00007ff7c1520000 - 0x00007ff7c152e000 	C:\Program Files\Microsoft\jdk-17.0.8.7-hotspot\bin\java.exe
0x00007ffe73760000 - 0x00007ffe739c7000 	C:\WINDOWS\SYSTEM32\ntdll.dll
0x00007ffe72720000 - 0x00007ffe727e9000 	C:\WINDOWS\System32\KERNEL32.DLL
0x00007ffe708b0000 - 0x00007ffe70c9f000 	C:\WINDOWS\System32\KERNELBASE.dll
0x00007ffe70e10000 - 0x00007ffe70f5b000 	C:\WINDOWS\System32\ucrtbase.dll
0x00007ffe5a000000 - 0x00007ffe5a017000 	C:\Program Files\Microsoft\jdk-17.0.8.7-hotspot\bin\jli.dll
0x00007ffe73550000 - 0x00007ffe73715000 	C:\WINDOWS\System32\USER32.dll
0x00007ffe47740000 - 0x00007ffe4775b000 	C:\Program Files\Microsoft\jdk-17.0.8.7-hotspot\bin\VCRUNTIME140.dll
0x00007ffe70ff0000 - 0x00007ffe71017000 	C:\WINDOWS\System32\win32u.dll
0x00007ffe732e0000 - 0x00007ffe7330b000 	C:\WINDOWS\System32\GDI32.dll
0x00007ffe547f0000 - 0x00007ffe54a83000 	C:\WINDOWS\WinSxS\amd64_microsoft.windows.common-controls_6595b64144ccf1df_6.0.26100.7309_none_3e05feeae336a044\COMCTL32.dll
0x00007ffe713d0000 - 0x00007ffe714fc000 	C:\WINDOWS\System32\gdi32full.dll
0x00007ffe73150000 - 0x00007ffe731f9000 	C:\WINDOWS\System32\msvcrt.dll
0x00007ffe70cb0000 - 0x00007ffe70d53000 	C:\WINDOWS\System32\msvcp_win.dll
0x00007ffe72850000 - 0x00007ffe72881000 	C:\WINDOWS\System32\IMM32.DLL
0x00007ffe59ee0000 - 0x00007ffe59eec000 	C:\Program Files\Microsoft\jdk-17.0.8.7-hotspot\bin\vcruntime140_1.dll
0x00007ffe25420000 - 0x00007ffe254ad000 	C:\Program Files\Microsoft\jdk-17.0.8.7-hotspot\bin\msvcp140.dll
0x00007ffd9e7b0000 - 0x00007ffd9f415000 	C:\Program Files\Microsoft\jdk-17.0.8.7-hotspot\bin\server\jvm.dll
0x00007ffe72bb0000 - 0x00007ffe72c64000 	C:\WINDOWS\System32\ADVAPI32.dll
0x00007ffe72890000 - 0x00007ffe72936000 	C:\WINDOWS\System32\sechost.dll
0x00007ffe73310000 - 0x00007ffe73428000 	C:\WINDOWS\System32\RPCRT4.dll
0x00007ffe70710000 - 0x00007ffe7076e000 	C:\WINDOWS\SYSTEM32\POWRPROF.dll
0x00007ffe15110000 - 0x00007ffe1511a000 	C:\WINDOWS\SYSTEM32\WSOCK32.dll
0x00007ffe73440000 - 0x00007ffe734b4000 	C:\WINDOWS\System32\WS2_32.dll
0x00007ffe66220000 - 0x00007ffe66255000 	C:\WINDOWS\SYSTEM32\WINMM.dll
0x00007ffe66060000 - 0x00007ffe6606b000 	C:\WINDOWS\SYSTEM32\VERSION.dll
0x00007ffe706f0000 - 0x00007ffe70704000 	C:\WINDOWS\SYSTEM32\UMPDC.dll
0x00007ffe6f660000 - 0x00007ffe6f67b000 	C:\WINDOWS\SYSTEM32\kernel.appcore.dll
0x00007ffe560b0000 - 0x00007ffe560ba000 	C:\Program Files\Microsoft\jdk-17.0.8.7-hotspot\bin\jimage.dll
0x00007ffe6df60000 - 0x00007ffe6e1a2000 	C:\WINDOWS\SYSTEM32\DBGHELP.DLL
0x00007ffe72c70000 - 0x00007ffe72ff5000 	C:\WINDOWS\System32\combase.dll
0x00007ffe73200000 - 0x00007ffe732d6000 	C:\WINDOWS\System32\OLEAUT32.dll
0x00007ffe54230000 - 0x00007ffe5426c000 	C:\WINDOWS\SYSTEM32\dbgcore.DLL
0x00007ffe70d60000 - 0x00007ffe70e05000 	C:\WINDOWS\System32\bcryptPrimitives.dll
0x00007ffe49440000 - 0x00007ffe4944e000 	C:\Program Files\Microsoft\jdk-17.0.8.7-hotspot\bin\instrument.dll
0x00007ffe47690000 - 0x00007ffe476b5000 	C:\Program Files\Microsoft\jdk-17.0.8.7-hotspot\bin\java.dll
0x00007ffe137a0000 - 0x00007ffe13877000 	C:\Program Files\Microsoft\jdk-17.0.8.7-hotspot\bin\jsvml.dll
0x00007ffe71c80000 - 0x00007ffe723d3000 	C:\WINDOWS\System32\SHELL32.dll
0x00007ffe71020000 - 0x00007ffe7118a000 	C:\WINDOWS\System32\wintypes.dll
0x00007ffe6e480000 - 0x00007ffe6ecde000 	C:\WINDOWS\SYSTEM32\windows.storage.dll
0x00007ffe723e0000 - 0x00007ffe724d5000 	C:\WINDOWS\System32\SHCORE.dll
0x00007ffe71aa0000 - 0x00007ffe71b06000 	C:\WINDOWS\System32\shlwapi.dll
0x00007ffe707d0000 - 0x00007ffe707f9000 	C:\WINDOWS\SYSTEM32\profapi.dll
0x00007ffe42260000 - 0x00007ffe42278000 	C:\Program Files\Microsoft\jdk-17.0.8.7-hotspot\bin\zip.dll
0x00007ffe3f5f0000 - 0x00007ffe3f609000 	C:\Program Files\Microsoft\jdk-17.0.8.7-hotspot\bin\net.dll
0x00007ffe65940000 - 0x00007ffe65a68000 	C:\WINDOWS\SYSTEM32\WINHTTP.dll
0x00007ffe6fbd0000 - 0x00007ffe6fc3b000 	C:\WINDOWS\system32\mswsock.dll
0x00007ffe3ebd0000 - 0x00007ffe3ebe6000 	C:\Program Files\Microsoft\jdk-17.0.8.7-hotspot\bin\nio.dll
0x00007ffe45a60000 - 0x00007ffe45a70000 	C:\Program Files\Microsoft\jdk-17.0.8.7-hotspot\bin\verify.dll
0x00007ffe59f50000 - 0x00007ffe59f77000 	C:\Users\Yogesh\.gradle\native\c067742578af261105cb4f569cf0c3c89f3d7b1fecec35dd04571415982c5e48\windows-amd64\native-platform.dll
0x00007ffe13650000 - 0x00007ffe13794000 	C:\Users\Yogesh\.gradle\native\100fb08df4bc3b14c8652ba06237920a3bd2aa13389f12d3474272988ae205f9\windows-amd64\native-platform-file-events.dll
0x00007ffe421f0000 - 0x00007ffe421f9000 	C:\Program Files\Microsoft\jdk-17.0.8.7-hotspot\bin\management.dll
0x00007ffe3cea0000 - 0x00007ffe3ceab000 	C:\Program Files\Microsoft\jdk-17.0.8.7-hotspot\bin\management_ext.dll
0x00007ffe72840000 - 0x00007ffe72848000 	C:\WINDOWS\System32\PSAPI.DLL
0x00007ffe6fe90000 - 0x00007ffe6feab000 	C:\WINDOWS\SYSTEM32\CRYPTSP.dll
0x00007ffe6f5c0000 - 0x00007ffe6f5fa000 	C:\WINDOWS\system32\rsaenh.dll
0x00007ffe6fc80000 - 0x00007ffe6fcab000 	C:\WINDOWS\SYSTEM32\USERENV.dll
0x00007ffe707a0000 - 0x00007ffe707ca000 	C:\WINDOWS\SYSTEM32\bcrypt.dll
0x00007ffe6feb0000 - 0x00007ffe6febc000 	C:\WINDOWS\SYSTEM32\CRYPTBASE.dll
0x00007ffe6f0e0000 - 0x00007ffe6f114000 	C:\WINDOWS\SYSTEM32\IPHLPAPI.DLL
0x00007ffe73140000 - 0x00007ffe7314a000 	C:\WINDOWS\System32\NSI.dll
0x00007ffe6a6f0000 - 0x00007ffe6a70e000 	C:\WINDOWS\SYSTEM32\dhcpcsvc6.DLL
0x00007ffe6a6c0000 - 0x00007ffe6a6e3000 	C:\WINDOWS\SYSTEM32\dhcpcsvc.DLL
0x00007ffe6f120000 - 0x00007ffe6f24c000 	C:\WINDOWS\SYSTEM32\DNSAPI.dll
0x00007ffe3ce90000 - 0x00007ffe3ce9e000 	C:\Program Files\Microsoft\jdk-17.0.8.7-hotspot\bin\sunmscapi.dll
0x00007ffe71190000 - 0x00007ffe71307000 	C:\WINDOWS\System32\CRYPT32.dll
0x00007ffe700b0000 - 0x00007ffe700e0000 	C:\WINDOWS\SYSTEM32\ncrypt.dll
0x00007ffe70060000 - 0x00007ffe7009f000 	C:\WINDOWS\SYSTEM32\NTASN1.dll
0x00007ffde3940000 - 0x00007ffde3948000 	C:\WINDOWS\system32\wshunix.dll
0x00007ffe66070000 - 0x00007ffe6607b000 	C:\Windows\System32\rasadhlp.dll
0x00007ffe45b20000 - 0x00007ffe45b38000 	C:\WINDOWS\system32\napinsp.dll
0x00007ffe45a40000 - 0x00007ffe45a52000 	C:\WINDOWS\System32\winrnr.dll
0x00007ffe45a10000 - 0x00007ffe45a32000 	C:\WINDOWS\system32\nlansp_c.dll
0x00007ffe459c0000 - 0x00007ffe459d6000 	C:\WINDOWS\system32\wshbth.dll
0x00007ffe6ad60000 - 0x00007ffe6ade6000 	C:\WINDOWS\System32\fwpuclnt.dll

dbghelp: loaded successfully - version: 4.0.5 - missing functions: none
symbol engine: initialized successfully - sym options: 0x614 - pdb path: .;C:\Program Files\Microsoft\jdk-17.0.8.7-hotspot\bin;C:\WINDOWS\SYSTEM32;C:\WINDOWS\WinSxS\amd64_microsoft.windows.common-controls_6595b64144ccf1df_6.0.26100.7309_none_3e05feeae336a044;C:\Program Files\Microsoft\jdk-17.0.8.7-hotspot\bin\server;C:\Users\Yogesh\.gradle\native\c067742578af261105cb4f569cf0c3c89f3d7b1fecec35dd04571415982c5e48\windows-amd64;C:\Users\Yogesh\.gradle\native\100fb08df4bc3b14c8652ba06237920a3bd2aa13389f12d3474272988ae205f9\windows-amd64

VM Arguments:
jvm_args: -XX:MaxMetaspaceSize=512m --add-opens=java.base/java.util=ALL-UNNAMED --add-opens=java.base/java.lang=ALL-UNNAMED --add-opens=java.base/java.lang.invoke=ALL-UNNAMED --add-opens=java.prefs/java.util.prefs=ALL-UNNAMED --add-exports=jdk.compiler/com.sun.tools.javac.api=ALL-UNNAMED --add-exports=jdk.compiler/com.sun.tools.javac.util=ALL-UNNAMED --add-opens=java.base/java.nio.charset=ALL-UNNAMED --add-opens=java.base/java.net=ALL-UNNAMED --add-opens=java.base/java.util.concurrent.atomic=ALL-UNNAMED -Xmx2048m -Dfile.encoding=UTF-8 -Duser.country=IN -Duser.language=en -Duser.variant -javaagent:C:\Users\Yogesh\.gradle\wrapper\dists\gradle-8.10.2-bin\a04bxjujx95o3nb99gddekhwo\gradle-8.10.2\lib\agents\gradle-instrumentation-agent-8.10.2.jar 
java_command: org.gradle.launcher.daemon.bootstrap.GradleDaemon 8.10.2
java_class_path (initial): C:\Users\Yogesh\.gradle\wrapper\dists\gradle-8.10.2-bin\a04bxjujx95o3nb99gddekhwo\gradle-8.10.2\lib\gradle-daemon-main-8.10.2.jar
Launcher Type: SUN_STANDARD

[Global flags]
     intx CICompilerCount                          = 4                                         {product} {ergonomic}
   size_t CompressedClassSpaceSize                 = 436207616                                 {product} {ergonomic}
     uint ConcGCThreads                            = 2                                         {product} {ergonomic}
     uint G1ConcRefinementThreads                  = 8                                         {product} {ergonomic}
   size_t G1HeapRegionSize                         = 1048576                                   {product} {ergonomic}
    uintx GCDrainStackTargetSize                   = 64                                        {product} {ergonomic}
   size_t InitialHeapSize                          = 264241152                                 {product} {ergonomic}
   size_t MarkStackSize                            = 4194304                                   {product} {ergonomic}
   size_t MaxHeapSize                              = 2147483648                                {product} {command line}
   size_t MaxMetaspaceSize                         = 536870912                                 {product} {command line}
   size_t MaxNewSize                               = 1287651328                                {product} {ergonomic}
   size_t MinHeapDeltaBytes                        = 1048576                                   {product} {ergonomic}
   size_t MinHeapSize                              = 8388608                                   {product} {ergonomic}
    uintx NonNMethodCodeHeapSize                   = 5839372                                {pd product} {ergonomic}
    uintx NonProfiledCodeHeapSize                  = 122909434                              {pd product} {ergonomic}
    uintx ProfiledCodeHeapSize                     = 122909434                              {pd product} {ergonomic}
    uintx ReservedCodeCacheSize                    = 251658240                              {pd product} {ergonomic}
     bool SegmentedCodeCache                       = true                                      {product} {ergonomic}
   size_t SoftMaxHeapSize                          = 2147483648                             {manageable} {ergonomic}
     bool UseCompressedClassPointers               = true                           {product lp64_product} {ergonomic}
     bool UseCompressedOops                        = true                           {product lp64_product} {ergonomic}
     bool UseG1GC                                  = true                                      {product} {ergonomic}
     bool UseLargePagesIndividualAllocation        = false                                  {pd product} {ergonomic}

Logging:
Log output configuration:
 #0: stdout all=warning uptime,level,tags
 #1: stderr all=off uptime,level,tags

Environment Variables:
JAVA_HOME=C:\Program Files\Microsoft\jdk-17.0.8.7-hotspot\
PATH=C:\Program Files\Microsoft\jdk-17.0.8.7-hotspot\bin;C:\Program Files\Common Files\Oracle\Java\javapath;C:\WINDOWS\system32;C:\WINDOWS;C:\WINDOWS\System32\Wbem;C:\WINDOWS\System32\WindowsPowerShell\v1.0\;C:\WINDOWS\System32\OpenSSH\;C:\Program Files\nodejs\;C:\Users\Yogesh\AppData\Local\Android\Sdk\platform-tools;C:\ProgramData\chocolatey\bin;C:\Users\Yogesh\Desktop\SqlLite\sqlite-tools-win-x64-3450000;C:\Program Files\Git\cmd;C:\Program Files\Git\bin;C:\Users\Yogesh\AppData\Local\Android\Sdk\cmdline-tools\latest\bin;C:\Software\cmake-3.31.0-rc2-windows-x86_64\cmake-3.31.0-rc2-windows-x86_64\bin;C:\Users\Yogesh\Downloads\apache-maven-3.9.9\bin;C:\Program Files\MySQL\MySQL Shell 8.0\bin\;C:\Users\Yogesh\AppData\Local\Android\Sdk\tools;C:\Users\Yogesh\AppData\Local\Microsoft\WindowsApps;C:\Users\Yogesh\AppData\Roaming\npm;C:\Users\Yogesh\AppData\Local\Programs\Microsoft VS Code\bin;C:\Users\Yogesh\AppData\Local\GitHubDesktop\bin;
USERNAME=Yogesh
OS=Windows_NT
PROCESSOR_IDENTIFIER=Intel64 Family 6 Model 140 Stepping 1, GenuineIntel
TMP=C:\Users\Yogesh\AppData\Local\Temp
TEMP=C:\Users\Yogesh\AppData\Local\Temp



---------------  S Y S T E M  ---------------

OS:
 Windows 11 , 64 bit Build 26100 (10.0.26100.7309)
OS uptime: 11 days 11:43 hours
Hyper-V role detected

CPU: total 8 (initial active 8) (4 cores per cpu, 2 threads per core) family 6 model 140 stepping 1 microcode 0xb4, cx8, cmov, fxsr, ht, mmx, 3dnowpref, sse, sse2, sse3, ssse3, sse4.1, sse4.2, popcnt, lzcnt, tsc, tscinvbit, avx, avx2, aes, erms, clmul, bmi1, bmi2, adx, avx512f, avx512dq, avx512cd, avx512bw, avx512vl, sha, fma, vzeroupper, avx512_vpopcntdq, avx512_vpclmulqdq, avx512_vaes, avx512_vnni, clflush, clflushopt, clwb, avx512_vbmi2, avx512_vbmi, hv
Processor Information for all 8 processors :
  Max Mhz: 2401, Current Mhz: 2401, Mhz Limit: 2401

Memory: 4k page, system-wide physical 16026M (1661M free)
TotalPageFile size 40602M (AvailPageFile size 17939M)
current process WorkingSet (physical memory assigned to process): 507M, peak: 511M
current process commit charge ("private bytes"): 552M, peak: 559M

vm_info: OpenJDK 64-Bit Server VM (17.0.8+7-LTS) for windows-amd64 JRE (17.0.8+7-LTS), built on Jul  7 2023 17:21:55 by "MicrosoftCorporation" with MS VC++ 16.10 / 16.11 (VS2019)

END.
