#
# A fatal error has been detected by the Java Runtime Environment:
#
#  EXCEPTION_ACCESS_VIOLATION (0xc0000005) at pc=0x00007fff26e3e0a9, pid=21700, tid=29720
#
# JRE version: OpenJDK Runtime Environment Microsoft-8035246 (17.0.8+7) (build 17.0.8+7-LTS)
# Java VM: OpenJDK 64-Bit Server VM Microsoft-8035246 (17.0.8+7-LTS, mixed mode, sharing, tiered, compressed oops, compressed class ptrs, g1 gc, windows-amd64)
# Problematic frame:
# V  [jvm.dll+0x2be0a9]
#
# No core dump will be written. Minidumps are not enabled by default on client versions of Windows
#
# If you would like to submit a bug report, please visit:
#   https://github.com/microsoft/openjdk/issues
#

---------------  S U M M A R Y ------------

Command Line: -XX:MaxMetaspaceSize=512m --add-opens=java.base/java.util=ALL-UNNAMED --add-opens=java.base/java.lang=ALL-UNNAMED --add-opens=java.base/java.lang.invoke=ALL-UNNAMED --add-opens=java.prefs/java.util.prefs=ALL-UNNAMED --add-exports=jdk.compiler/com.sun.tools.javac.api=ALL-UNNAMED --add-exports=jdk.compiler/com.sun.tools.javac.util=ALL-UNNAMED --add-opens=java.base/java.nio.charset=ALL-UNNAMED --add-opens=java.base/java.net=ALL-UNNAMED --add-opens=java.base/java.util.concurrent.atomic=ALL-UNNAMED -Xmx2048m -Dfile.encoding=windows-1252 -Duser.country=IN -Duser.language=en -Duser.variant -javaagent:C:\Users\Yogesh\.gradle\wrapper\dists\gradle-8.10.2-bin\a04bxjujx95o3nb99gddekhwo\gradle-8.10.2\lib\agents\gradle-instrumentation-agent-8.10.2.jar org.gradle.launcher.daemon.bootstrap.GradleDaemon 8.10.2

Host: 11th Gen Intel(R) Core(TM) i5-1135G7 @ 2.40GHz, 8 cores, 15G,  Windows 11 , 64 bit Build 22621 (10.0.22621.4391)
Time: Sat Jan  4 11:28:27 2025 India Standard Time elapsed time: 25.215169 seconds (0d 0h 0m 25s)

---------------  T H R E A D  ---------------

Current thread (0x0000021379b3ed40):  JavaThread "C2 CompilerThread1" daemon [_thread_in_native, id=29720, stack(0x000000b474500000,0x000000b474600000)]


Current CompileTask:
C2:  25215 11527       4       org.gradle.cache.internal.ExclusiveCacheAccessingWorker$$Lambda$548/0x000002130149a878::call (10 bytes)

Stack: [0x000000b474500000,0x000000b474600000],  sp=0x000000b4745fb600,  free space=1005k
Native frames: (J=compiled Java code, j=interpreted, Vv=VM code, C=native code)
V  [jvm.dll+0x2be0a9]
V  [jvm.dll+0x21ba8b]
V  [jvm.dll+0x21944b]
V  [jvm.dll+0x1a56b6]
V  [jvm.dll+0x2291ea]
V  [jvm.dll+0x22724c]
V  [jvm.dll+0x7efd0c]
V  [jvm.dll+0x7ea13a]
V  [jvm.dll+0x67ad85]
C  [ucrtbase.dll+0x29333]
C  [KERNEL32.DLL+0x1259d]
C  [ntdll.dll+0x5af38]


siginfo: EXCEPTION_ACCESS_VIOLATION (0xc0000005), reading address 0x0000000000000028


Register to memory mapping:

RIP=0x00007fff26e3e0a9 jvm.dll
RAX=0x0000021377cd0f60 points into unknown readable memory: 0x0000000000000000 | 00 00 00 00 00 00 00 00
RBX=0x00000000000017df is an unknown value
RCX=0x0 is NULL
RDX=0x0 is NULL
RSP=0x000000b4745fb600 is pointing into the stack for thread: 0x0000021379b3ed40
RBP=0x000000b4745fb670 is pointing into the stack for thread: 0x0000021379b3ed40
RSI=0x0 is NULL
RDI=0x000000000000004c is an unknown value
R8 =0x000000000000ffe0 is an unknown value
R9 =0x0 is NULL
R10=0x00007fffc8d10000 VCRUNTIME140.dll
R11=0x0000021377cd0f80 points into unknown readable memory: 0x0000000000000000 | 00 00 00 00 00 00 00 00
R12=0x0000000000000050 is an unknown value
R13=0x0 is NULL
R14=0x0 is NULL
R15=0x000000b4745fe820 is pointing into the stack for thread: 0x0000021379b3ed40


Registers:
RAX=0x0000021377cd0f60, RBX=0x00000000000017df, RCX=0x0000000000000000, RDX=0x0000000000000000
RSP=0x000000b4745fb600, RBP=0x000000b4745fb670, RSI=0x0000000000000000, RDI=0x000000000000004c
R8 =0x000000000000ffe0, R9 =0x0000000000000000, R10=0x00007fffc8d10000, R11=0x0000021377cd0f80
R12=0x0000000000000050, R13=0x0000000000000000, R14=0x0000000000000000, R15=0x000000b4745fe820
RIP=0x00007fff26e3e0a9, EFLAGS=0x0000000000010202

Top of Stack: (sp=0x000000b4745fb600)
0x000000b4745fb600:   00000000000017df 0000000000000000
0x000000b4745fb610:   000000b4745fe820 00007fff26da38d1
0x000000b4745fb620:   000002136eadd0a0 00007fff00002000
0x000000b4745fb630:   0000021377cd0f60 0000021300000000
0x000000b4745fb640:   0000000000000002 0000021377df19f0
0x000000b4745fb650:   0000000000000002 000002136eadd0a0
0x000000b4745fb660:   0000000000000000 0000000000000000
0x000000b4745fb670:   00000213795cb6c0 00000213504645b0
0x000000b4745fb680:   000000000000004c 00007fff274c4c08
0x000000b4745fb690:   000000b4745fb7a0 00007fff26d9ba8b
0x000000b4745fb6a0:   000000b4745fe820 00007fff274c4c08
0x000000b4745fb6b0:   000000b4745fe820 000000b4745fb7a0
0x000000b4745fb6c0:   000000b400000000 000000b4745ff380
0x000000b4745fb6d0:   000000b40000000f 000000b4745fe820
0x000000b4745fb6e0:   000000b4745fb850 00007fff00000000
0x000000b4745fb6f0:   0000021300000100 00007fff274c4c08 

Instructions: (pc=0x00007fff26e3e0a9)
0x00007fff26e3dfa9:   3b d0 75 0b ff c1 41 3b c9 7c dc 48 8b c2 c3 33
0x00007fff26e3dfb9:   c0 c3 cc cc cc cc cc 48 89 5c 24 18 55 56 57 41
0x00007fff26e3dfc9:   55 41 57 48 8b ec 48 83 ec 70 65 48 8b 04 25 58
0x00007fff26e3dfd9:   00 00 00 48 8b f2 44 8b 05 d2 8b 90 00 4c 8b f9
0x00007fff26e3dfe9:   4a 8b 1c c0 b8 50 00 00 00 80 3c 18 00 75 05 e8
0x00007fff26e3dff9:   8b 6f 5d 00 b8 20 00 00 00 48 8b 04 18 48 8b 98
0x00007fff26e3e009:   38 02 00 00 48 89 5d b0 c7 45 b8 04 00 00 00 48
0x00007fff26e3e019:   8b 43 18 48 83 f8 df 76 18 4c 8d 05 37 a9 65 00
0x00007fff26e3e029:   ba 20 00 00 00 48 8b cb e8 5a eb de ff 48 8b 43
0x00007fff26e3e039:   18 48 8d 48 20 48 3b 4b 20 76 11 45 33 c0 48 8b
0x00007fff26e3e049:   cb 41 8d 50 20 e8 fd e8 de ff eb 04 48 89 4b 18
0x00007fff26e3e059:   44 8b 45 b8 33 d2 49 c1 e0 03 48 8b c8 48 89 45
0x00007fff26e3e069:   c0 e8 e3 80 5d 00 45 33 ed 48 8d 4d d0 44 89 6d
0x00007fff26e3e079:   c8 e8 01 59 56 00 41 8b 9f 40 02 00 00 41 2b 9f
0x00007fff26e3e089:   68 02 00 00 44 89 6d f0 3b 5d b8 72 0b 8b d3 48
0x00007fff26e3e099:   8d 4d b0 e8 6f b3 39 00 48 8b 45 c0 4c 89 2c d8
0x00007fff26e3e0a9:   8b 7e 28 8b df c1 eb 05 3b 5d d0 72 0b 8b d3 48
0x00007fff26e3e0b9:   8d 4d d0 e8 1f 59 56 00 48 8b 45 d8 83 e7 1f 48
0x00007fff26e3e0c9:   8d 14 98 40 0f b6 cf 41 b8 01 00 00 00 41 d3 e0
0x00007fff26e3e0d9:   8b 0a 8b c1 41 0b c0 89 02 41 85 c8 75 21 8b 5d
0x00007fff26e3e0e9:   c8 8d 43 01 89 45 c8 3b 5d b8 72 0b 8b d3 48 8d
0x00007fff26e3e0f9:   4d b0 e8 10 b3 39 00 48 8b 45 c0 48 89 34 d8 44
0x00007fff26e3e109:   39 6d c8 0f 86 77 01 00 00 4c 89 a4 24 a0 00 00
0x00007fff26e3e119:   00 4c 89 b4 24 a8 00 00 00 48 8b 45 c0 41 8b cd
0x00007fff26e3e129:   48 8b 34 c8 8b 46 2c 25 ff 1f 00 00 3d 04 10 00
0x00007fff26e3e139:   00 0f 85 a7 00 00 00 bb 01 00 00 00 39 5e 18 76
0x00007fff26e3e149:   39 66 0f 1f 44 00 00 48 8b 46 08 8b cb 48 8b 14
0x00007fff26e3e159:   c8 48 85 d2 74 1d 48 83 7a 10 00 74 16 80 7a 2c
0x00007fff26e3e169:   84 74 10 e8 7f 7e ee ff 48 8b d0 49 8b cf e8 a4
0x00007fff26e3e179:   61 f6 ff ff c3 3b 5e 18 72 cd 48 8b 5e 10 8b 46
0x00007fff26e3e189:   20 4c 8d 34 c3 49 3b de 73 54 48 8b 3b 8b 47 2c
0x00007fff26e3e199:   83 e0 03 3c 03 75 2e 48 8b 07 48 8b cf ff 90 88 


Stack slot to memory mapping:
stack at sp + 0 slots: 0x00000000000017df is an unknown value
stack at sp + 1 slots: 0x0 is NULL
stack at sp + 2 slots: 0x000000b4745fe820 is pointing into the stack for thread: 0x0000021379b3ed40
stack at sp + 3 slots: 0x00007fff26da38d1 jvm.dll
stack at sp + 4 slots: 0x000002136eadd0a0 points into unknown readable memory: 0x0065004400000006 | 06 00 00 00 44 00 65 00
stack at sp + 5 slots: 0x00007fff00002000 is an unknown value
stack at sp + 6 slots: 0x0000021377cd0f60 points into unknown readable memory: 0x0000000000000000 | 00 00 00 00 00 00 00 00
stack at sp + 7 slots: 0x0000021300000000 is pointing into metadata


---------------  P R O C E S S  ---------------

Threads class SMR info:
_java_thread_list=0x0000021373efa930, length=140, elements={
0x0000021350446da0, 0x000002136e667a40, 0x000002136e668600, 0x000002136e67ac00,
0x000002136e67d4e0, 0x000002136e67dea0, 0x000002136e67e860, 0x000002136e681a10,
0x000002136e68d9d0, 0x000002136e697030, 0x000002136ea2cb50, 0x000002136eb38b70,
0x00000213750c9a20, 0x0000021374ea8df0, 0x00000213750bed90, 0x0000021374f6df00,
0x0000021374f7f560, 0x0000021374f9ce10, 0x0000021374f9f180, 0x0000021374f9ec70,
0x0000021374f9d830, 0x0000021374f9dd40, 0x0000021374f9e760, 0x0000021374f9f690,
0x0000021374f9fba0, 0x0000021374f9e250, 0x0000021374f9d320, 0x0000021374fa00b0,
0x0000021374fa05c0, 0x0000021375759360, 0x0000021375758940, 0x0000021375756ff0,
0x000002137575a290, 0x0000021375752e20, 0x0000021375758e50, 0x0000021375755bb0,
0x0000021375753d50, 0x0000021375753330, 0x0000021375753840, 0x0000021375757f20,
0x0000021375758430, 0x0000021375754770, 0x00000213757565d0, 0x0000021379a01300,
0x0000021379a04fc0, 0x0000021379a04090, 0x0000021379a02740, 0x0000021379a01d20,
0x0000021379a045a0, 0x0000021379a02230, 0x0000021379a054d0, 0x0000021379a02c50,
0x0000021379a00df0, 0x0000021379a003d0, 0x0000021379a008e0, 0x0000021379a01810,
0x0000021379a06910, 0x0000021379a059e0, 0x0000021379a04ab0, 0x0000021379a05ef0,
0x0000021379a03160, 0x00000213799ffec0, 0x0000021379a06400, 0x0000021379a06e20,
0x0000021379a07330, 0x0000021378a6c1f0, 0x0000021378a6e050, 0x0000021378a69e80,
0x0000021378a6b7d0, 0x0000021378a68020, 0x0000021378a6a390, 0x0000021378a6bce0,
0x0000021378a68530, 0x0000021378a6b2c0, 0x0000021378a6a8a0, 0x0000021378a6c700,
0x0000021378a67600, 0x0000021378a68a40, 0x0000021378a6adb0, 0x0000021378a6cc10,
0x0000021378a6d120, 0x0000021378a6d630, 0x0000021378a6db40, 0x0000021378a670f0,
0x0000021378a67b10, 0x0000021378a68f50, 0x000002136ebe6c30, 0x000002136ebe2f70,
0x000002136ebe7140, 0x000002136ebe57f0, 0x000002136ebe7650, 0x000002136ebe2a60,
0x000002136ebe8070, 0x000002136ebe8580, 0x000002136ebe3480, 0x000002136ebe8a90,
0x000002136ebe8fa0, 0x000002136ebe94b0, 0x000002136ebe3990, 0x000002136ebe48c0,
0x000002136ebe7b60, 0x000002136ebe99c0, 0x000002136ebe2550, 0x000002136ebe3ea0,
0x000002136ebe6210, 0x000002136ebe43b0, 0x000002136ebe4dd0, 0x000002136ebe52e0,
0x000002136ebe2040, 0x000002136ebe6720, 0x0000021378a6ea70, 0x00000213753423d0,
0x0000021375340a80, 0x00000213753414a0, 0x0000021375340570, 0x0000021375343300,
0x0000021375340f90, 0x0000021375341ec0, 0x00000213753419b0, 0x00000213753428e0,
0x0000021375342df0, 0x0000021375345670, 0x000002137533f640, 0x000002137533fb50,
0x0000021375343810, 0x00000213753465a0, 0x0000021375343d20, 0x0000021375345b80,
0x0000021375344230, 0x0000021375344c50, 0x0000021375345160, 0x0000021375346090,
0x000002137533f130, 0x0000021375346ab0, 0x000002136ebe5d00, 0x00000213757556a0,
0x0000021377f98660, 0x0000021377f962f0, 0x0000021377f97220, 0x0000021379b3ed40
}

Java Threads: ( => current thread )
  0x0000021350446da0 JavaThread "main" [_thread_blocked, id=10588, stack(0x000000b46aa00000,0x000000b46ab00000)]
  0x000002136e667a40 JavaThread "Reference Handler" daemon [_thread_blocked, id=2904, stack(0x000000b46b100000,0x000000b46b200000)]
  0x000002136e668600 JavaThread "Finalizer" daemon [_thread_blocked, id=23616, stack(0x000000b46b200000,0x000000b46b300000)]
  0x000002136e67ac00 JavaThread "Signal Dispatcher" daemon [_thread_blocked, id=28596, stack(0x000000b46b300000,0x000000b46b400000)]
  0x000002136e67d4e0 JavaThread "Attach Listener" daemon [_thread_blocked, id=1236, stack(0x000000b46b400000,0x000000b46b500000)]
  0x000002136e67dea0 JavaThread "Service Thread" daemon [_thread_blocked, id=26884, stack(0x000000b46b500000,0x000000b46b600000)]
  0x000002136e67e860 JavaThread "Monitor Deflation Thread" daemon [_thread_blocked, id=28216, stack(0x000000b46b600000,0x000000b46b700000)]
  0x000002136e681a10 JavaThread "C2 CompilerThread0" daemon [_thread_in_native, id=1652, stack(0x000000b46b700000,0x000000b46b800000)]
  0x000002136e68d9d0 JavaThread "C1 CompilerThread0" daemon [_thread_blocked, id=30504, stack(0x000000b46b800000,0x000000b46b900000)]
  0x000002136e697030 JavaThread "Sweeper thread" daemon [_thread_blocked, id=13800, stack(0x000000b46b900000,0x000000b46ba00000)]
  0x000002136ea2cb50 JavaThread "Common-Cleaner" daemon [_thread_blocked, id=24180, stack(0x000000b46ba00000,0x000000b46bb00000)]
  0x000002136eb38b70 JavaThread "Notification Thread" daemon [_thread_blocked, id=22904, stack(0x000000b46bb00000,0x000000b46bc00000)]
  0x00000213750c9a20 JavaThread "Daemon health stats" [_thread_blocked, id=2484, stack(0x000000b46be00000,0x000000b46bf00000)]
  0x0000021374ea8df0 JavaThread "Incoming local TCP Connector on port 54429" [_thread_in_native, id=3784, stack(0x000000b46c400000,0x000000b46c500000)]
  0x00000213750bed90 JavaThread "Daemon periodic checks" [_thread_blocked, id=1908, stack(0x000000b46c500000,0x000000b46c600000)]
  0x0000021374f6df00 JavaThread "Daemon" [_thread_blocked, id=24160, stack(0x000000b46bd00000,0x000000b46be00000)]
  0x0000021374f7f560 JavaThread "Handler for socket connection from /127.0.0.1:54429 to /127.0.0.1:54430" [_thread_in_native, id=20540, stack(0x000000b46c600000,0x000000b46c700000)]
  0x0000021374f9ce10 JavaThread "Cancel handler" [_thread_blocked, id=21180, stack(0x000000b46c700000,0x000000b46c800000)]
  0x0000021374f9f180 JavaThread "Daemon worker" [_thread_in_Java, id=19720, stack(0x000000b46c800000,0x000000b46c900000)]
  0x0000021374f9ec70 JavaThread "Asynchronous log dispatcher for DefaultDaemonConnection: socket connection from /127.0.0.1:54429 to /127.0.0.1:54430" [_thread_blocked, id=22184, stack(0x000000b46c900000,0x000000b46ca00000)]
  0x0000021374f9d830 JavaThread "Stdin handler" [_thread_blocked, id=17108, stack(0x000000b46ca00000,0x000000b46cb00000)]
  0x0000021374f9dd40 JavaThread "Daemon client event forwarder" [_thread_blocked, id=30332, stack(0x000000b46cb00000,0x000000b46cc00000)]
  0x0000021374f9e760 JavaThread "Cache worker for journal cache (C:\Users\Yogesh\.gradle\caches\journal-1)" [_thread_blocked, id=22440, stack(0x000000b46cc00000,0x000000b46cd00000)]
  0x0000021374f9f690 JavaThread "File lock request listener" [_thread_in_native, id=21000, stack(0x000000b46cd00000,0x000000b46ce00000)]
  0x0000021374f9fba0 JavaThread "Cache worker for file hash cache (C:\Users\Yogesh\.gradle\caches\8.10.2\fileHashes)" [_thread_blocked, id=28932, stack(0x000000b46cf00000,0x000000b46d000000)]
  0x0000021374f9e250 JavaThread "Cache worker for file hash cache (C:\Users\Yogesh\Desktop\Drive4U\DriveForU\android\.gradle\8.10.2\fileHashes)" [_thread_blocked, id=12120, stack(0x000000b46d100000,0x000000b46d200000)]
  0x0000021374f9d320 JavaThread "Cache worker for Build Output Cleanup Cache (C:\Users\Yogesh\Desktop\Drive4U\DriveForU\android\.gradle\buildOutputCleanup)" [_thread_blocked, id=18648, stack(0x000000b46d200000,0x000000b46d300000)]
  0x0000021374fa00b0 JavaThread "File lock release action executor" [_thread_blocked, id=3900, stack(0x000000b46d600000,0x000000b46d700000)]
  0x0000021374fa05c0 JavaThread "File watcher server" daemon [_thread_in_native, id=16436, stack(0x000000b46d700000,0x000000b46d800000)]
  0x0000021375759360 JavaThread "File watcher consumer" daemon [_thread_blocked, id=30148, stack(0x000000b46d800000,0x000000b46d900000)]
  0x0000021375758940 JavaThread "Cache worker for checksums cache (C:\Users\Yogesh\Desktop\Drive4U\DriveForU\android\.gradle\8.10.2\checksums)" [_thread_blocked, id=17340, stack(0x000000b46d900000,0x000000b46da00000)]
  0x0000021375756ff0 JavaThread "Cache worker for file content cache (C:\Users\Yogesh\.gradle\caches\8.10.2\fileContent)" [_thread_blocked, id=25320, stack(0x000000b46da00000,0x000000b46db00000)]
  0x000002137575a290 JavaThread "Cache worker for cache directory md-rule (C:\Users\Yogesh\.gradle\caches\8.10.2\md-rule)" [_thread_blocked, id=2792, stack(0x000000b46db00000,0x000000b46dc00000)]
  0x0000021375752e20 JavaThread "Cache worker for cache directory md-supplier (C:\Users\Yogesh\.gradle\caches\8.10.2\md-supplier)" [_thread_blocked, id=13644, stack(0x000000b46d000000,0x000000b46d100000)]
  0x0000021375758e50 JavaThread "jar transforms" [_thread_blocked, id=20596, stack(0x000000b46dd00000,0x000000b46de00000)]
  0x0000021375755bb0 JavaThread "Cache worker for Build Output Cleanup Cache (C:\Users\Yogesh\Desktop\Drive4U\DriveForU\node_modules\@react-native\gradle-plugin\.gradle\buildOutputCleanup)" [_thread_blocked, id=25668, stack(0x000000b46de00000,0x000000b46df00000)]
  0x0000021375753d50 JavaThread "Unconstrained build operations" [_thread_blocked, id=20360, stack(0x000000b46ce00000,0x000000b46cf00000)]
  0x0000021375753330 JavaThread "Unconstrained build operations Thread 2" [_thread_blocked, id=9952, stack(0x000000b46dc00000,0x000000b46dd00000)]
  0x0000021375753840 JavaThread "Unconstrained build operations Thread 3" [_thread_blocked, id=22828, stack(0x000000b46e000000,0x000000b46e100000)]
  0x0000021375757f20 JavaThread "Unconstrained build operations Thread 4" [_thread_blocked, id=28108, stack(0x000000b46e100000,0x000000b46e200000)]
  0x0000021375758430 JavaThread "Unconstrained build operations Thread 5" [_thread_blocked, id=27624, stack(0x000000b46e200000,0x000000b46e300000)]
  0x0000021375754770 JavaThread "Unconstrained build operations Thread 6" [_thread_blocked, id=1648, stack(0x000000b46e300000,0x000000b46e400000)]
  0x00000213757565d0 JavaThread "Unconstrained build operations Thread 7" [_thread_blocked, id=17904, stack(0x000000b46e600000,0x000000b46e700000)]
  0x0000021379a01300 JavaThread "Unconstrained build operations Thread 8" [_thread_blocked, id=22536, stack(0x000000b46e700000,0x000000b46e800000)]
  0x0000021379a04fc0 JavaThread "Unconstrained build operations Thread 9" [_thread_blocked, id=21260, stack(0x000000b46e800000,0x000000b46e900000)]
  0x0000021379a04090 JavaThread "Unconstrained build operations Thread 10" [_thread_blocked, id=30184, stack(0x000000b46e900000,0x000000b46ea00000)]
  0x0000021379a02740 JavaThread "Unconstrained build operations Thread 11" [_thread_blocked, id=23576, stack(0x000000b46ea00000,0x000000b46eb00000)]
  0x0000021379a01d20 JavaThread "Unconstrained build operations Thread 12" [_thread_blocked, id=3500, stack(0x000000b46eb00000,0x000000b46ec00000)]
  0x0000021379a045a0 JavaThread "Unconstrained build operations Thread 13" [_thread_blocked, id=14384, stack(0x000000b46ec00000,0x000000b46ed00000)]
  0x0000021379a02230 JavaThread "Unconstrained build operations Thread 14" [_thread_blocked, id=22240, stack(0x000000b46ed00000,0x000000b46ee00000)]
  0x0000021379a054d0 JavaThread "Unconstrained build operations Thread 15" [_thread_blocked, id=9372, stack(0x000000b46ee00000,0x000000b46ef00000)]
  0x0000021379a02c50 JavaThread "Unconstrained build operations Thread 16" [_thread_blocked, id=8128, stack(0x000000b46ef00000,0x000000b46f000000)]
  0x0000021379a00df0 JavaThread "Unconstrained build operations Thread 17" [_thread_blocked, id=6280, stack(0x000000b46f000000,0x000000b46f100000)]
  0x0000021379a003d0 JavaThread "Unconstrained build operations Thread 18" [_thread_blocked, id=19540, stack(0x000000b46f100000,0x000000b46f200000)]
  0x0000021379a008e0 JavaThread "Unconstrained build operations Thread 19" [_thread_blocked, id=29208, stack(0x000000b46f200000,0x000000b46f300000)]
  0x0000021379a01810 JavaThread "Unconstrained build operations Thread 20" [_thread_blocked, id=17064, stack(0x000000b46f300000,0x000000b46f400000)]
  0x0000021379a06910 JavaThread "Unconstrained build operations Thread 21" [_thread_blocked, id=13676, stack(0x000000b46f400000,0x000000b46f500000)]
  0x0000021379a059e0 JavaThread "Unconstrained build operations Thread 22" [_thread_blocked, id=2396, stack(0x000000b46f500000,0x000000b46f600000)]
  0x0000021379a04ab0 JavaThread "Unconstrained build operations Thread 23" [_thread_blocked, id=30328, stack(0x000000b46f600000,0x000000b46f700000)]
  0x0000021379a05ef0 JavaThread "Unconstrained build operations Thread 24" [_thread_blocked, id=7028, stack(0x000000b46f700000,0x000000b46f800000)]
  0x0000021379a03160 JavaThread "Unconstrained build operations Thread 25" [_thread_blocked, id=13740, stack(0x000000b46f800000,0x000000b46f900000)]
  0x00000213799ffec0 JavaThread "Unconstrained build operations Thread 26" [_thread_blocked, id=10380, stack(0x000000b46f900000,0x000000b46fa00000)]
  0x0000021379a06400 JavaThread "Unconstrained build operations Thread 27" [_thread_blocked, id=29648, stack(0x000000b46fa00000,0x000000b46fb00000)]
  0x0000021379a06e20 JavaThread "Memory manager" [_thread_blocked, id=24344, stack(0x000000b46fb00000,0x000000b46fc00000)]
  0x0000021379a07330 JavaThread "build event listener" [_thread_blocked, id=22736, stack(0x000000b46e400000,0x000000b46e500000)]
  0x0000021378a6c1f0 JavaThread "ForkJoinPool.commonPool-worker-1" daemon [_thread_blocked, id=1496, stack(0x000000b46fd00000,0x000000b46fe00000)]
  0x0000021378a6e050 JavaThread "ForkJoinPool.commonPool-worker-2" daemon [_thread_blocked, id=4440, stack(0x000000b46fe00000,0x000000b46ff00000)]
  0x0000021378a69e80 JavaThread "ForkJoinPool.commonPool-worker-3" daemon [_thread_blocked, id=23484, stack(0x000000b46ff00000,0x000000b470000000)]
  0x0000021378a6b7d0 JavaThread "ForkJoinPool.commonPool-worker-4" daemon [_thread_blocked, id=21544, stack(0x000000b470000000,0x000000b470100000)]
  0x0000021378a68020 JavaThread "ForkJoinPool.commonPool-worker-5" daemon [_thread_blocked, id=28512, stack(0x000000b470100000,0x000000b470200000)]
  0x0000021378a6a390 JavaThread "ForkJoinPool.commonPool-worker-6" daemon [_thread_blocked, id=11008, stack(0x000000b470200000,0x000000b470300000)]
  0x0000021378a6bce0 JavaThread "ForkJoinPool.commonPool-worker-7" daemon [_thread_blocked, id=11512, stack(0x000000b470300000,0x000000b470400000)]
  0x0000021378a68530 JavaThread "Exec process" [_thread_blocked, id=2984, stack(0x000000b470400000,0x000000b470500000)]
  0x0000021378a6b2c0 JavaThread "Exec process Thread 2" [_thread_blocked, id=29128, stack(0x000000b470500000,0x000000b470600000)]
  0x0000021378a6a8a0 JavaThread "Exec process Thread 3" [_thread_blocked, id=13396, stack(0x000000b470600000,0x000000b470700000)]
  0x0000021378a6c700 JavaThread "included builds" [_thread_blocked, id=7052, stack(0x000000b46fc00000,0x000000b46fd00000)]
  0x0000021378a67600 JavaThread "Execution worker" [_thread_blocked, id=9868, stack(0x000000b470700000,0x000000b470800000)]
  0x0000021378a68a40 JavaThread "Execution worker Thread 2" [_thread_blocked, id=14984, stack(0x000000b470800000,0x000000b470900000)]
  0x0000021378a6adb0 JavaThread "Execution worker Thread 3" [_thread_blocked, id=22948, stack(0x000000b470900000,0x000000b470a00000)]
  0x0000021378a6cc10 JavaThread "Execution worker Thread 4" [_thread_blocked, id=16344, stack(0x000000b470a00000,0x000000b470b00000)]
  0x0000021378a6d120 JavaThread "Execution worker Thread 5" [_thread_blocked, id=16408, stack(0x000000b470b00000,0x000000b470c00000)]
  0x0000021378a6d630 JavaThread "Execution worker Thread 6" [_thread_blocked, id=22256, stack(0x000000b470c00000,0x000000b470d00000)]
  0x0000021378a6db40 JavaThread "Execution worker Thread 7" [_thread_blocked, id=22352, stack(0x000000b470d00000,0x000000b470e00000)]
  0x0000021378a670f0 JavaThread "Cache worker for execution history cache (C:\Users\Yogesh\Desktop\Drive4U\DriveForU\node_modules\@react-native\gradle-plugin\.gradle\8.10.2\executionHistory)" [_thread_blocked, id=23156, stack(0x000000b470e00000,0x000000b470f00000)]
  0x0000021378a67b10 JavaThread "Unconstrained build operations Thread 28" [_thread_blocked, id=28684, stack(0x000000b470f00000,0x000000b471000000)]
  0x0000021378a68f50 JavaThread "Unconstrained build operations Thread 29" [_thread_blocked, id=9808, stack(0x000000b471000000,0x000000b471100000)]
  0x000002136ebe6c30 JavaThread "Unconstrained build operations Thread 30" [_thread_blocked, id=28452, stack(0x000000b471100000,0x000000b471200000)]
  0x000002136ebe2f70 JavaThread "Unconstrained build operations Thread 31" [_thread_blocked, id=12484, stack(0x000000b471200000,0x000000b471300000)]
  0x000002136ebe7140 JavaThread "Unconstrained build operations Thread 32" [_thread_blocked, id=27748, stack(0x000000b471300000,0x000000b471400000)]
  0x000002136ebe57f0 JavaThread "Unconstrained build operations Thread 33" [_thread_blocked, id=24208, stack(0x000000b471400000,0x000000b471500000)]
  0x000002136ebe7650 JavaThread "Unconstrained build operations Thread 34" [_thread_blocked, id=21644, stack(0x000000b471500000,0x000000b471600000)]
  0x000002136ebe2a60 JavaThread "Unconstrained build operations Thread 35" [_thread_blocked, id=3304, stack(0x000000b471600000,0x000000b471700000)]
  0x000002136ebe8070 JavaThread "Unconstrained build operations Thread 36" [_thread_blocked, id=29624, stack(0x000000b471700000,0x000000b471800000)]
  0x000002136ebe8580 JavaThread "Unconstrained build operations Thread 37" [_thread_blocked, id=24096, stack(0x000000b471800000,0x000000b471900000)]
  0x000002136ebe3480 JavaThread "Unconstrained build operations Thread 38" [_thread_blocked, id=20044, stack(0x000000b471900000,0x000000b471a00000)]
  0x000002136ebe8a90 JavaThread "Unconstrained build operations Thread 39" [_thread_blocked, id=10712, stack(0x000000b471a00000,0x000000b471b00000)]
  0x000002136ebe8fa0 JavaThread "Unconstrained build operations Thread 40" [_thread_blocked, id=9516, stack(0x000000b471b00000,0x000000b471c00000)]
  0x000002136ebe94b0 JavaThread "Unconstrained build operations Thread 41" [_thread_blocked, id=11588, stack(0x000000b471c00000,0x000000b471d00000)]
  0x000002136ebe3990 JavaThread "Unconstrained build operations Thread 42" [_thread_blocked, id=24084, stack(0x000000b471d00000,0x000000b471e00000)]
  0x000002136ebe48c0 JavaThread "Unconstrained build operations Thread 43" [_thread_blocked, id=1100, stack(0x000000b471e00000,0x000000b471f00000)]
  0x000002136ebe7b60 JavaThread "Unconstrained build operations Thread 44" [_thread_blocked, id=24744, stack(0x000000b471f00000,0x000000b472000000)]
  0x000002136ebe99c0 JavaThread "Unconstrained build operations Thread 45" [_thread_blocked, id=23392, stack(0x000000b472000000,0x000000b472100000)]
  0x000002136ebe2550 JavaThread "Unconstrained build operations Thread 46" [_thread_blocked, id=13852, stack(0x000000b472100000,0x000000b472200000)]
  0x000002136ebe3ea0 JavaThread "Unconstrained build operations Thread 47" [_thread_blocked, id=26556, stack(0x000000b472200000,0x000000b472300000)]
  0x000002136ebe6210 JavaThread "Unconstrained build operations Thread 48" [_thread_blocked, id=18476, stack(0x000000b472300000,0x000000b472400000)]
  0x000002136ebe43b0 JavaThread "Unconstrained build operations Thread 49" [_thread_blocked, id=26452, stack(0x000000b472400000,0x000000b472500000)]
  0x000002136ebe4dd0 JavaThread "Unconstrained build operations Thread 50" [_thread_blocked, id=2540, stack(0x000000b472500000,0x000000b472600000)]
  0x000002136ebe52e0 JavaThread "Unconstrained build operations Thread 51" [_thread_blocked, id=18488, stack(0x000000b472600000,0x000000b472700000)]
  0x000002136ebe2040 JavaThread "Unconstrained build operations Thread 52" [_thread_blocked, id=17060, stack(0x000000b472700000,0x000000b472800000)]
  0x000002136ebe6720 JavaThread "Unconstrained build operations Thread 53" [_thread_blocked, id=20440, stack(0x000000b472800000,0x000000b472900000)]
  0x0000021378a6ea70 JavaThread "Unconstrained build operations Thread 54" [_thread_blocked, id=25604, stack(0x000000b472900000,0x000000b472a00000)]
  0x00000213753423d0 JavaThread "Unconstrained build operations Thread 55" [_thread_blocked, id=27036, stack(0x000000b472a00000,0x000000b472b00000)]
  0x0000021375340a80 JavaThread "Unconstrained build operations Thread 56" [_thread_blocked, id=8104, stack(0x000000b472b00000,0x000000b472c00000)]
  0x00000213753414a0 JavaThread "Unconstrained build operations Thread 57" [_thread_blocked, id=15000, stack(0x000000b472c00000,0x000000b472d00000)]
  0x0000021375340570 JavaThread "Unconstrained build operations Thread 58" [_thread_blocked, id=27708, stack(0x000000b472d00000,0x000000b472e00000)]
  0x0000021375343300 JavaThread "Unconstrained build operations Thread 59" [_thread_blocked, id=8116, stack(0x000000b472e00000,0x000000b472f00000)]
  0x0000021375340f90 JavaThread "Unconstrained build operations Thread 60" [_thread_blocked, id=15716, stack(0x000000b472f00000,0x000000b473000000)]
  0x0000021375341ec0 JavaThread "Unconstrained build operations Thread 61" [_thread_blocked, id=27948, stack(0x000000b473000000,0x000000b473100000)]
  0x00000213753419b0 JavaThread "Unconstrained build operations Thread 62" [_thread_blocked, id=2132, stack(0x000000b473100000,0x000000b473200000)]
  0x00000213753428e0 JavaThread "Unconstrained build operations Thread 63" [_thread_blocked, id=14316, stack(0x000000b473200000,0x000000b473300000)]
  0x0000021375342df0 JavaThread "Unconstrained build operations Thread 64" [_thread_blocked, id=29372, stack(0x000000b473300000,0x000000b473400000)]
  0x0000021375345670 JavaThread "Unconstrained build operations Thread 65" [_thread_blocked, id=27160, stack(0x000000b473400000,0x000000b473500000)]
  0x000002137533f640 JavaThread "Unconstrained build operations Thread 66" [_thread_blocked, id=12996, stack(0x000000b473500000,0x000000b473600000)]
  0x000002137533fb50 JavaThread "Unconstrained build operations Thread 67" [_thread_blocked, id=28916, stack(0x000000b473600000,0x000000b473700000)]
  0x0000021375343810 JavaThread "Unconstrained build operations Thread 68" [_thread_blocked, id=10884, stack(0x000000b473700000,0x000000b473800000)]
  0x00000213753465a0 JavaThread "Unconstrained build operations Thread 69" [_thread_blocked, id=25344, stack(0x000000b473800000,0x000000b473900000)]
  0x0000021375343d20 JavaThread "Unconstrained build operations Thread 70" [_thread_blocked, id=22644, stack(0x000000b473900000,0x000000b473a00000)]
  0x0000021375345b80 JavaThread "Unconstrained build operations Thread 71" [_thread_blocked, id=26740, stack(0x000000b473a00000,0x000000b473b00000)]
  0x0000021375344230 JavaThread "Unconstrained build operations Thread 72" [_thread_blocked, id=30440, stack(0x000000b473b00000,0x000000b473c00000)]
  0x0000021375344c50 JavaThread "jar transforms Thread 2" [_thread_blocked, id=24024, stack(0x000000b473c00000,0x000000b473d00000)]
  0x0000021375345160 JavaThread "jar transforms Thread 3" [_thread_blocked, id=26860, stack(0x000000b473d00000,0x000000b473e00000)]
  0x0000021375346090 JavaThread "Unconstrained build operations Thread 73" [_thread_blocked, id=9832, stack(0x000000b473e00000,0x000000b473f00000)]
  0x000002137533f130 JavaThread "Unconstrained build operations Thread 74" [_thread_blocked, id=20860, stack(0x000000b473f00000,0x000000b474000000)]
  0x0000021375346ab0 JavaThread "Unconstrained build operations Thread 75" [_thread_blocked, id=30484, stack(0x000000b474000000,0x000000b474100000)]
  0x000002136ebe5d00 JavaThread "Unconstrained build operations Thread 76" [_thread_blocked, id=2620, stack(0x000000b474100000,0x000000b474200000)]
  0x00000213757556a0 JavaThread "Unconstrained build operations Thread 77" [_thread_blocked, id=3804, stack(0x000000b474200000,0x000000b474300000)]
  0x0000021377f98660 JavaThread "Unconstrained build operations Thread 78" [_thread_blocked, id=23424, stack(0x000000b474300000,0x000000b474400000)]
  0x0000021377f962f0 JavaThread "Unconstrained build operations Thread 79" [_thread_blocked, id=5652, stack(0x000000b474400000,0x000000b474500000)]
  0x0000021377f97220 JavaThread "Unconstrained build operations Thread 80" [_thread_blocked, id=29448, stack(0x000000b46e500000,0x000000b46e600000)]
=>0x0000021379b3ed40 JavaThread "C2 CompilerThread1" daemon [_thread_in_native, id=29720, stack(0x000000b474500000,0x000000b474600000)]

Other Threads:
  0x000002136e6643e0 VMThread "VM Thread" [stack: 0x000000b46b000000,0x000000b46b100000] [id=15576]
  0x000002136eb10fb0 WatcherThread [stack: 0x000000b46bc00000,0x000000b46bd00000] [id=14204]
  0x00000213504ab0c0 GCTaskThread "GC Thread#0" [stack: 0x000000b46ab00000,0x000000b46ac00000] [id=29936]
  0x00000213733cafc0 GCTaskThread "GC Thread#1" [stack: 0x000000b46bf00000,0x000000b46c000000] [id=12444]
  0x000002136ec75930 GCTaskThread "GC Thread#2" [stack: 0x000000b46c000000,0x000000b46c100000] [id=18700]
  0x00000213735b8090 GCTaskThread "GC Thread#3" [stack: 0x000000b46c100000,0x000000b46c200000] [id=27124]
  0x00000213735b8350 GCTaskThread "GC Thread#4" [stack: 0x000000b46c200000,0x000000b46c300000] [id=14596]
  0x00000213733b1db0 GCTaskThread "GC Thread#5" [stack: 0x000000b46c300000,0x000000b46c400000] [id=28956]
  0x0000021375145c90 GCTaskThread "GC Thread#6" [stack: 0x000000b46d300000,0x000000b46d400000] [id=23384]
  0x0000021375145450 GCTaskThread "GC Thread#7" [stack: 0x000000b46d400000,0x000000b46d500000] [id=5204]
  0x00000213504bc820 ConcurrentGCThread "G1 Main Marker" [stack: 0x000000b46ac00000,0x000000b46ad00000] [id=4436]
  0x00000213504bd230 ConcurrentGCThread "G1 Conc#0" [stack: 0x000000b46ad00000,0x000000b46ae00000] [id=4336]
  0x00000213751459d0 ConcurrentGCThread "G1 Conc#1" [stack: 0x000000b46d500000,0x000000b46d600000] [id=28760]
  0x00000213504eec70 ConcurrentGCThread "G1 Refine#0" [stack: 0x000000b46ae00000,0x000000b46af00000] [id=29840]
  0x000002136e59e650 ConcurrentGCThread "G1 Service" [stack: 0x000000b46af00000,0x000000b46b000000] [id=28484]

Threads with active compile tasks:
C2 CompilerThread0    25309 11526   !   4       java.util.concurrent.FutureTask::run (123 bytes)
C2 CompilerThread1    25309 11527       4       org.gradle.cache.internal.ExclusiveCacheAccessingWorker$$Lambda$548/0x000002130149a878::call (10 bytes)

VM state: not at safepoint (normal execution)

VM Mutex/Monitor currently owned by a thread: None

Heap address: 0x0000000080000000, size: 2048 MB, Compressed Oops mode: 32-bit

CDS archive(s) mapped at: [0x0000021300000000-0x0000021300bd0000-0x0000021300bd0000), size 12386304, SharedBaseAddress: 0x0000021300000000, ArchiveRelocationMode: 1.
Compressed class space mapped at: 0x0000021301000000-0x000002131b000000, reserved size: 436207616
Narrow klass base: 0x0000021300000000, Narrow klass shift: 0, Narrow klass range: 0x100000000

GC Precious Log:
 CPUs: 8 total, 8 available
 Memory: 16026M
 Large Page Support: Disabled
 NUMA Support: Disabled
 Compressed Oops: Enabled (32-bit)
 Heap Region Size: 1M
 Heap Min Capacity: 8M
 Heap Initial Capacity: 252M
 Heap Max Capacity: 2G
 Pre-touch: Disabled
 Parallel Workers: 8
 Concurrent Workers: 2
 Concurrent Refinement Workers: 8
 Periodic GC: Disabled

Heap:
 garbage-first heap   total 287744K, used 102500K [0x0000000080000000, 0x0000000100000000)
  region size 1024K, 14 young (14336K), 1 survivors (1024K)
 Metaspace       used 78370K, committed 79232K, reserved 557056K
  class space    used 10935K, committed 11328K, reserved 425984K

Heap Regions: E=young(eden), S=young(survivor), O=old, HS=humongous(starts), HC=humongous(continues), CS=collection set, F=free, OA=open archive, CA=closed archive, TAMS=top-at-mark-start (previous, next)
|   0|0x0000000080000000, 0x0000000080100000, 0x0000000080100000|100%| O|  |TAMS 0x0000000080100000, 0x0000000080000000| Untracked 
|   1|0x0000000080100000, 0x0000000080200000, 0x0000000080200000|100%| O|  |TAMS 0x0000000080200000, 0x0000000080100000| Untracked 
|   2|0x0000000080200000, 0x0000000080300000, 0x0000000080300000|100%|HS|  |TAMS 0x0000000080300000, 0x0000000080200000| Complete 
|   3|0x0000000080300000, 0x0000000080400000, 0x0000000080400000|100%|HC|  |TAMS 0x0000000080400000, 0x0000000080300000| Complete 
|   4|0x0000000080400000, 0x0000000080500000, 0x0000000080500000|100%|HC|  |TAMS 0x0000000080500000, 0x0000000080400000| Complete 
|   5|0x0000000080500000, 0x0000000080600000, 0x0000000080600000|100%|HC|  |TAMS 0x0000000080600000, 0x0000000080500000| Complete 
|   6|0x0000000080600000, 0x0000000080700000, 0x0000000080700000|100%| O|  |TAMS 0x0000000080700000, 0x0000000080600000| Untracked 
|   7|0x0000000080700000, 0x0000000080800000, 0x0000000080800000|100%| O|  |TAMS 0x0000000080800000, 0x0000000080700000| Untracked 
|   8|0x0000000080800000, 0x0000000080900000, 0x0000000080900000|100%| O|  |TAMS 0x0000000080900000, 0x0000000080800000| Untracked 
|   9|0x0000000080900000, 0x0000000080a00000, 0x0000000080a00000|100%|HS|  |TAMS 0x0000000080a00000, 0x0000000080900000| Complete 
|  10|0x0000000080a00000, 0x0000000080b00000, 0x0000000080b00000|100%| O|  |TAMS 0x0000000080b00000, 0x0000000080a00000| Untracked 
|  11|0x0000000080b00000, 0x0000000080b7a800, 0x0000000080c00000| 47%| O|  |TAMS 0x0000000080b7a800, 0x0000000080b00000| Untracked 
|  12|0x0000000080c00000, 0x0000000080d00000, 0x0000000080d00000|100%| O|  |TAMS 0x0000000080d00000, 0x0000000080c00000| Untracked 
|  13|0x0000000080d00000, 0x0000000080e00000, 0x0000000080e00000|100%| O|  |TAMS 0x0000000080e00000, 0x0000000080d00000| Untracked 
|  14|0x0000000080e00000, 0x0000000080f00000, 0x0000000080f00000|100%| O|  |TAMS 0x0000000080f00000, 0x0000000080e00000| Untracked 
|  15|0x0000000080f00000, 0x0000000081000000, 0x0000000081000000|100%| O|  |TAMS 0x0000000081000000, 0x0000000080f00000| Untracked 
|  16|0x0000000081000000, 0x0000000081100000, 0x0000000081100000|100%| O|  |TAMS 0x0000000081100000, 0x0000000081000000| Untracked 
|  17|0x0000000081100000, 0x0000000081200000, 0x0000000081200000|100%| O|  |TAMS 0x0000000081200000, 0x0000000081100000| Untracked 
|  18|0x0000000081200000, 0x0000000081300000, 0x0000000081300000|100%| O|  |TAMS 0x0000000081300000, 0x0000000081200000| Untracked 
|  19|0x0000000081300000, 0x0000000081400000, 0x0000000081400000|100%| O|  |TAMS 0x0000000081400000, 0x0000000081300000| Untracked 
|  20|0x0000000081400000, 0x0000000081500000, 0x0000000081500000|100%| O|  |TAMS 0x0000000081500000, 0x0000000081400000| Untracked 
|  21|0x0000000081500000, 0x0000000081600000, 0x0000000081600000|100%| O|  |TAMS 0x0000000081600000, 0x0000000081500000| Untracked 
|  22|0x0000000081600000, 0x0000000081700000, 0x0000000081700000|100%| O|  |TAMS 0x0000000081700000, 0x0000000081600000| Untracked 
|  23|0x0000000081700000, 0x0000000081800000, 0x0000000081800000|100%| O|  |TAMS 0x0000000081800000, 0x0000000081700000| Untracked 
|  24|0x0000000081800000, 0x0000000081900000, 0x0000000081900000|100%| O|  |TAMS 0x0000000081900000, 0x0000000081800000| Untracked 
|  25|0x0000000081900000, 0x0000000081a00000, 0x0000000081a00000|100%| O|  |TAMS 0x0000000081a00000, 0x0000000081900000| Untracked 
|  26|0x0000000081a00000, 0x0000000081b00000, 0x0000000081b00000|100%| O|  |TAMS 0x0000000081b00000, 0x0000000081a00000| Untracked 
|  27|0x0000000081b00000, 0x0000000081c00000, 0x0000000081c00000|100%| O|  |TAMS 0x0000000081c00000, 0x0000000081b00000| Untracked 
|  28|0x0000000081c00000, 0x0000000081d00000, 0x0000000081d00000|100%| O|  |TAMS 0x0000000081d00000, 0x0000000081c00000| Untracked 
|  29|0x0000000081d00000, 0x0000000081e00000, 0x0000000081e00000|100%| O|  |TAMS 0x0000000081e00000, 0x0000000081d00000| Untracked 
|  30|0x0000000081e00000, 0x0000000081f00000, 0x0000000081f00000|100%| O|  |TAMS 0x0000000081f00000, 0x0000000081e00000| Untracked 
|  31|0x0000000081f00000, 0x0000000082000000, 0x0000000082000000|100%| O|  |TAMS 0x0000000082000000, 0x0000000081f00000| Untracked 
|  32|0x0000000082000000, 0x0000000082100000, 0x0000000082100000|100%| O|  |TAMS 0x0000000082100000, 0x0000000082000000| Untracked 
|  33|0x0000000082100000, 0x0000000082200000, 0x0000000082200000|100%| O|  |TAMS 0x0000000082200000, 0x0000000082100000| Untracked 
|  34|0x0000000082200000, 0x0000000082300000, 0x0000000082300000|100%| O|  |TAMS 0x0000000082300000, 0x0000000082200000| Untracked 
|  35|0x0000000082300000, 0x0000000082400000, 0x0000000082400000|100%| O|  |TAMS 0x0000000082400000, 0x0000000082300000| Untracked 
|  36|0x0000000082400000, 0x0000000082500000, 0x0000000082500000|100%| O|  |TAMS 0x0000000082500000, 0x0000000082400000| Untracked 
|  37|0x0000000082500000, 0x0000000082600000, 0x0000000082600000|100%| O|  |TAMS 0x0000000082600000, 0x0000000082500000| Untracked 
|  38|0x0000000082600000, 0x0000000082700000, 0x0000000082700000|100%| O|  |TAMS 0x0000000082700000, 0x0000000082600000| Untracked 
|  39|0x0000000082700000, 0x0000000082800000, 0x0000000082800000|100%| O|  |TAMS 0x0000000082800000, 0x0000000082700000| Untracked 
|  40|0x0000000082800000, 0x0000000082900000, 0x0000000082900000|100%| O|  |TAMS 0x0000000082900000, 0x0000000082800000| Untracked 
|  41|0x0000000082900000, 0x0000000082a00000, 0x0000000082a00000|100%| O|  |TAMS 0x0000000082a00000, 0x0000000082900000| Untracked 
|  42|0x0000000082a00000, 0x0000000082b00000, 0x0000000082b00000|100%| O|  |TAMS 0x0000000082b00000, 0x0000000082a00000| Untracked 
|  43|0x0000000082b00000, 0x0000000082c00000, 0x0000000082c00000|100%| O|  |TAMS 0x0000000082c00000, 0x0000000082b00000| Untracked 
|  44|0x0000000082c00000, 0x0000000082d00000, 0x0000000082d00000|100%| O|  |TAMS 0x0000000082d00000, 0x0000000082c00000| Untracked 
|  45|0x0000000082d00000, 0x0000000082e00000, 0x0000000082e00000|100%| O|  |TAMS 0x0000000082e00000, 0x0000000082d00000| Untracked 
|  46|0x0000000082e00000, 0x0000000082f00000, 0x0000000082f00000|100%|HS|  |TAMS 0x0000000082f00000, 0x0000000082e00000| Complete 
|  47|0x0000000082f00000, 0x0000000083000000, 0x0000000083000000|100%|HC|  |TAMS 0x0000000083000000, 0x0000000082f00000| Complete 
|  48|0x0000000083000000, 0x0000000083100000, 0x0000000083100000|100%|HS|  |TAMS 0x0000000083100000, 0x0000000083000000| Complete 
|  49|0x0000000083100000, 0x0000000083200000, 0x0000000083200000|100%|HC|  |TAMS 0x0000000083200000, 0x0000000083100000| Complete 
|  50|0x0000000083200000, 0x0000000083300000, 0x0000000083300000|100%|HS|  |TAMS 0x0000000083300000, 0x0000000083200000| Complete 
|  51|0x0000000083300000, 0x0000000083400000, 0x0000000083400000|100%|HC|  |TAMS 0x0000000083400000, 0x0000000083300000| Complete 
|  52|0x0000000083400000, 0x0000000083500000, 0x0000000083500000|100%|HC|  |TAMS 0x0000000083500000, 0x0000000083400000| Complete 
|  53|0x0000000083500000, 0x0000000083600000, 0x0000000083600000|100%|HC|  |TAMS 0x0000000083600000, 0x0000000083500000| Complete 
|  54|0x0000000083600000, 0x0000000083700000, 0x0000000083700000|100%|HS|  |TAMS 0x0000000083700000, 0x0000000083600000| Complete 
|  55|0x0000000083700000, 0x0000000083800000, 0x0000000083800000|100%|HC|  |TAMS 0x0000000083800000, 0x0000000083700000| Complete 
|  56|0x0000000083800000, 0x0000000083900000, 0x0000000083900000|100%|HC|  |TAMS 0x0000000083900000, 0x0000000083800000| Complete 
|  57|0x0000000083900000, 0x0000000083a00000, 0x0000000083a00000|100%|HC|  |TAMS 0x0000000083a00000, 0x0000000083900000| Complete 
|  58|0x0000000083a00000, 0x0000000083b00000, 0x0000000083b00000|100%| O|  |TAMS 0x0000000083b00000, 0x0000000083a00000| Untracked 
|  59|0x0000000083b00000, 0x0000000083c00000, 0x0000000083c00000|100%| O|  |TAMS 0x0000000083c00000, 0x0000000083b00000| Untracked 
|  60|0x0000000083c00000, 0x0000000083d00000, 0x0000000083d00000|100%| O|  |TAMS 0x0000000083d00000, 0x0000000083c00000| Untracked 
|  61|0x0000000083d00000, 0x0000000083e00000, 0x0000000083e00000|100%| O|  |TAMS 0x0000000083e00000, 0x0000000083d00000| Untracked 
|  62|0x0000000083e00000, 0x0000000083f00000, 0x0000000083f00000|100%| O|  |TAMS 0x0000000083f00000, 0x0000000083e00000| Untracked 
|  63|0x0000000083f00000, 0x0000000084000000, 0x0000000084000000|100%| O|  |TAMS 0x0000000083f00000, 0x0000000083f00000| Untracked 
|  64|0x0000000084000000, 0x0000000084000000, 0x0000000084100000|  0%| F|  |TAMS 0x0000000084000000, 0x0000000084000000| Untracked 
|  65|0x0000000084100000, 0x0000000084200000, 0x0000000084200000|100%| O|  |TAMS 0x0000000084200000, 0x0000000084100000| Untracked 
|  66|0x0000000084200000, 0x0000000084300000, 0x0000000084300000|100%| O|  |TAMS 0x0000000084300000, 0x0000000084200000| Untracked 
|  67|0x0000000084300000, 0x0000000084400000, 0x0000000084400000|100%| O|  |TAMS 0x0000000084400000, 0x0000000084300000| Untracked 
|  68|0x0000000084400000, 0x0000000084500000, 0x0000000084500000|100%| O|  |TAMS 0x0000000084500000, 0x0000000084400000| Untracked 
|  69|0x0000000084500000, 0x0000000084600000, 0x0000000084600000|100%| O|  |TAMS 0x0000000084600000, 0x0000000084500000| Untracked 
|  70|0x0000000084600000, 0x0000000084700000, 0x0000000084700000|100%| O|  |TAMS 0x0000000084700000, 0x0000000084600000| Untracked 
|  71|0x0000000084700000, 0x0000000084800000, 0x0000000084800000|100%| O|  |TAMS 0x0000000084800000, 0x0000000084700000| Untracked 
|  72|0x0000000084800000, 0x0000000084900000, 0x0000000084900000|100%| O|  |TAMS 0x0000000084900000, 0x0000000084800000| Untracked 
|  73|0x0000000084900000, 0x0000000084a00000, 0x0000000084a00000|100%| O|  |TAMS 0x0000000084a00000, 0x0000000084900000| Untracked 
|  74|0x0000000084a00000, 0x0000000084b00000, 0x0000000084b00000|100%| O|  |TAMS 0x0000000084b00000, 0x0000000084a00000| Untracked 
|  75|0x0000000084b00000, 0x0000000084c00000, 0x0000000084c00000|100%| O|  |TAMS 0x0000000084c00000, 0x0000000084b00000| Untracked 
|  76|0x0000000084c00000, 0x0000000084d00000, 0x0000000084d00000|100%| O|  |TAMS 0x0000000084d00000, 0x0000000084c00000| Untracked 
|  77|0x0000000084d00000, 0x0000000084e00000, 0x0000000084e00000|100%| O|  |TAMS 0x0000000084e00000, 0x0000000084d00000| Untracked 
|  78|0x0000000084e00000, 0x0000000084f00000, 0x0000000084f00000|100%| O|  |TAMS 0x0000000084f00000, 0x0000000084e00000| Untracked 
|  79|0x0000000084f00000, 0x0000000085000000, 0x0000000085000000|100%| O|  |TAMS 0x0000000085000000, 0x0000000084f00000| Untracked 
|  80|0x0000000085000000, 0x0000000085100000, 0x0000000085100000|100%| O|  |TAMS 0x0000000085100000, 0x0000000085000000| Untracked 
|  81|0x0000000085100000, 0x0000000085200000, 0x0000000085200000|100%| O|  |TAMS 0x0000000085200000, 0x0000000085100000| Untracked 
|  82|0x0000000085200000, 0x0000000085300000, 0x0000000085300000|100%| O|  |TAMS 0x0000000085300000, 0x0000000085200000| Untracked 
|  83|0x0000000085300000, 0x0000000085400000, 0x0000000085400000|100%| O|  |TAMS 0x0000000085400000, 0x0000000085300000| Untracked 
|  84|0x0000000085400000, 0x0000000085500000, 0x0000000085500000|100%| O|  |TAMS 0x0000000085500000, 0x0000000085400000| Untracked 
|  85|0x0000000085500000, 0x0000000085500000, 0x0000000085600000|  0%| F|  |TAMS 0x0000000085500000, 0x0000000085500000| Untracked 
|  86|0x0000000085600000, 0x0000000085700000, 0x0000000085700000|100%| O|  |TAMS 0x00000000856ec600, 0x0000000085600000| Untracked 
|  87|0x0000000085700000, 0x0000000085800000, 0x0000000085800000|100%| O|  |TAMS 0x0000000085700000, 0x0000000085700000| Untracked 
|  88|0x0000000085800000, 0x0000000085900000, 0x0000000085900000|100%| O|  |TAMS 0x0000000085800000, 0x0000000085800000| Untracked 
|  89|0x0000000085900000, 0x000000008599ea00, 0x0000000085a00000| 61%| O|  |TAMS 0x0000000085900000, 0x0000000085900000| Untracked 
|  90|0x0000000085a00000, 0x0000000085a00000, 0x0000000085b00000|  0%| F|  |TAMS 0x0000000085a00000, 0x0000000085a00000| Untracked 
|  91|0x0000000085b00000, 0x0000000085b00000, 0x0000000085c00000|  0%| F|  |TAMS 0x0000000085b00000, 0x0000000085b00000| Untracked 
|  92|0x0000000085c00000, 0x0000000085c00000, 0x0000000085d00000|  0%| F|  |TAMS 0x0000000085c00000, 0x0000000085c00000| Untracked 
|  93|0x0000000085d00000, 0x0000000085d00000, 0x0000000085e00000|  0%| F|  |TAMS 0x0000000085d00000, 0x0000000085d00000| Untracked 
|  94|0x0000000085e00000, 0x0000000085e00000, 0x0000000085f00000|  0%| F|  |TAMS 0x0000000085e00000, 0x0000000085e00000| Untracked 
|  95|0x0000000085f00000, 0x0000000085f00000, 0x0000000086000000|  0%| F|  |TAMS 0x0000000085f00000, 0x0000000085f00000| Untracked 
|  96|0x0000000086000000, 0x0000000086000000, 0x0000000086100000|  0%| F|  |TAMS 0x0000000086000000, 0x0000000086000000| Untracked 
|  97|0x0000000086100000, 0x0000000086100000, 0x0000000086200000|  0%| F|  |TAMS 0x0000000086100000, 0x0000000086100000| Untracked 
|  98|0x0000000086200000, 0x0000000086200000, 0x0000000086300000|  0%| F|  |TAMS 0x0000000086200000, 0x0000000086200000| Untracked 
|  99|0x0000000086300000, 0x0000000086300000, 0x0000000086400000|  0%| F|  |TAMS 0x0000000086300000, 0x0000000086300000| Untracked 
| 100|0x0000000086400000, 0x0000000086400000, 0x0000000086500000|  0%| F|  |TAMS 0x0000000086400000, 0x0000000086400000| Untracked 
| 101|0x0000000086500000, 0x0000000086500000, 0x0000000086600000|  0%| F|  |TAMS 0x0000000086500000, 0x0000000086500000| Untracked 
| 102|0x0000000086600000, 0x0000000086600000, 0x0000000086700000|  0%| F|  |TAMS 0x0000000086600000, 0x0000000086600000| Untracked 
| 103|0x0000000086700000, 0x0000000086700000, 0x0000000086800000|  0%| F|  |TAMS 0x0000000086700000, 0x0000000086700000| Untracked 
| 104|0x0000000086800000, 0x0000000086800000, 0x0000000086900000|  0%| F|  |TAMS 0x0000000086800000, 0x0000000086800000| Untracked 
| 105|0x0000000086900000, 0x0000000086900000, 0x0000000086a00000|  0%| F|  |TAMS 0x0000000086900000, 0x0000000086900000| Untracked 
| 106|0x0000000086a00000, 0x0000000086a00000, 0x0000000086b00000|  0%| F|  |TAMS 0x0000000086a00000, 0x0000000086a00000| Untracked 
| 107|0x0000000086b00000, 0x0000000086b00000, 0x0000000086c00000|  0%| F|  |TAMS 0x0000000086b00000, 0x0000000086b00000| Untracked 
| 108|0x0000000086c00000, 0x0000000086c00000, 0x0000000086d00000|  0%| F|  |TAMS 0x0000000086c00000, 0x0000000086c00000| Untracked 
| 109|0x0000000086d00000, 0x0000000086d00000, 0x0000000086e00000|  0%| F|  |TAMS 0x0000000086d00000, 0x0000000086d00000| Untracked 
| 110|0x0000000086e00000, 0x0000000086e00000, 0x0000000086f00000|  0%| F|  |TAMS 0x0000000086e00000, 0x0000000086e00000| Untracked 
| 111|0x0000000086f00000, 0x0000000086f00000, 0x0000000087000000|  0%| F|  |TAMS 0x0000000086f00000, 0x0000000086f00000| Untracked 
| 112|0x0000000087000000, 0x0000000087000000, 0x0000000087100000|  0%| F|  |TAMS 0x0000000087000000, 0x0000000087000000| Untracked 
| 113|0x0000000087100000, 0x0000000087100000, 0x0000000087200000|  0%| F|  |TAMS 0x0000000087100000, 0x0000000087100000| Untracked 
| 114|0x0000000087200000, 0x0000000087200000, 0x0000000087300000|  0%| F|  |TAMS 0x0000000087200000, 0x0000000087200000| Untracked 
| 115|0x0000000087300000, 0x0000000087300000, 0x0000000087400000|  0%| F|  |TAMS 0x0000000087300000, 0x0000000087300000| Untracked 
| 116|0x0000000087400000, 0x0000000087400000, 0x0000000087500000|  0%| F|  |TAMS 0x0000000087400000, 0x0000000087400000| Untracked 
| 117|0x0000000087500000, 0x0000000087500000, 0x0000000087600000|  0%| F|  |TAMS 0x0000000087500000, 0x0000000087500000| Untracked 
| 118|0x0000000087600000, 0x0000000087600000, 0x0000000087700000|  0%| F|  |TAMS 0x0000000087600000, 0x0000000087600000| Untracked 
| 119|0x0000000087700000, 0x0000000087700000, 0x0000000087800000|  0%| F|  |TAMS 0x0000000087700000, 0x0000000087700000| Untracked 
| 120|0x0000000087800000, 0x0000000087800000, 0x0000000087900000|  0%| F|  |TAMS 0x0000000087800000, 0x0000000087800000| Untracked 
| 121|0x0000000087900000, 0x0000000087900000, 0x0000000087a00000|  0%| F|  |TAMS 0x0000000087900000, 0x0000000087900000| Untracked 
| 122|0x0000000087a00000, 0x0000000087a00000, 0x0000000087b00000|  0%| F|  |TAMS 0x0000000087a00000, 0x0000000087a00000| Untracked 
| 123|0x0000000087b00000, 0x0000000087b00000, 0x0000000087c00000|  0%| F|  |TAMS 0x0000000087b00000, 0x0000000087b00000| Untracked 
| 124|0x0000000087c00000, 0x0000000087c00000, 0x0000000087d00000|  0%| F|  |TAMS 0x0000000087c00000, 0x0000000087c00000| Untracked 
| 125|0x0000000087d00000, 0x0000000087d00000, 0x0000000087e00000|  0%| F|  |TAMS 0x0000000087d00000, 0x0000000087d00000| Untracked 
| 126|0x0000000087e00000, 0x0000000087e00000, 0x0000000087f00000|  0%| F|  |TAMS 0x0000000087e00000, 0x0000000087e00000| Untracked 
| 127|0x0000000087f00000, 0x0000000087f00000, 0x0000000088000000|  0%| F|  |TAMS 0x0000000087f00000, 0x0000000087f00000| Untracked 
| 128|0x0000000088000000, 0x0000000088000000, 0x0000000088100000|  0%| F|  |TAMS 0x0000000088000000, 0x0000000088000000| Untracked 
| 129|0x0000000088100000, 0x0000000088100000, 0x0000000088200000|  0%| F|  |TAMS 0x0000000088100000, 0x0000000088100000| Untracked 
| 130|0x0000000088200000, 0x0000000088200000, 0x0000000088300000|  0%| F|  |TAMS 0x0000000088200000, 0x0000000088200000| Untracked 
| 131|0x0000000088300000, 0x0000000088300000, 0x0000000088400000|  0%| F|  |TAMS 0x0000000088300000, 0x0000000088300000| Untracked 
| 132|0x0000000088400000, 0x0000000088400000, 0x0000000088500000|  0%| F|  |TAMS 0x0000000088400000, 0x0000000088400000| Untracked 
| 133|0x0000000088500000, 0x0000000088500000, 0x0000000088600000|  0%| F|  |TAMS 0x0000000088500000, 0x0000000088500000| Untracked 
| 134|0x0000000088600000, 0x0000000088600000, 0x0000000088700000|  0%| F|  |TAMS 0x0000000088600000, 0x0000000088600000| Untracked 
| 135|0x0000000088700000, 0x0000000088700000, 0x0000000088800000|  0%| F|  |TAMS 0x0000000088700000, 0x0000000088700000| Untracked 
| 136|0x0000000088800000, 0x0000000088800000, 0x0000000088900000|  0%| F|  |TAMS 0x0000000088800000, 0x0000000088800000| Untracked 
| 137|0x0000000088900000, 0x0000000088900000, 0x0000000088a00000|  0%| F|  |TAMS 0x0000000088900000, 0x0000000088900000| Untracked 
| 138|0x0000000088a00000, 0x0000000088a00000, 0x0000000088b00000|  0%| F|  |TAMS 0x0000000088a00000, 0x0000000088a00000| Untracked 
| 139|0x0000000088b00000, 0x0000000088b00000, 0x0000000088c00000|  0%| F|  |TAMS 0x0000000088b00000, 0x0000000088b00000| Untracked 
| 140|0x0000000088c00000, 0x0000000088c00000, 0x0000000088d00000|  0%| F|  |TAMS 0x0000000088c00000, 0x0000000088c00000| Untracked 
| 141|0x0000000088d00000, 0x0000000088d00000, 0x0000000088e00000|  0%| F|  |TAMS 0x0000000088d00000, 0x0000000088d00000| Untracked 
| 142|0x0000000088e00000, 0x0000000088e00000, 0x0000000088f00000|  0%| F|  |TAMS 0x0000000088e00000, 0x0000000088e00000| Untracked 
| 143|0x0000000088f00000, 0x0000000088f00000, 0x0000000089000000|  0%| F|  |TAMS 0x0000000088f00000, 0x0000000088f00000| Untracked 
| 144|0x0000000089000000, 0x0000000089000000, 0x0000000089100000|  0%| F|  |TAMS 0x0000000089000000, 0x0000000089000000| Untracked 
| 145|0x0000000089100000, 0x0000000089100000, 0x0000000089200000|  0%| F|  |TAMS 0x0000000089100000, 0x0000000089100000| Untracked 
| 146|0x0000000089200000, 0x0000000089200000, 0x0000000089300000|  0%| F|  |TAMS 0x0000000089200000, 0x0000000089200000| Untracked 
| 147|0x0000000089300000, 0x0000000089300000, 0x0000000089400000|  0%| F|  |TAMS 0x0000000089300000, 0x0000000089300000| Untracked 
| 148|0x0000000089400000, 0x0000000089400000, 0x0000000089500000|  0%| F|  |TAMS 0x0000000089400000, 0x0000000089400000| Untracked 
| 149|0x0000000089500000, 0x0000000089500000, 0x0000000089600000|  0%| F|  |TAMS 0x0000000089500000, 0x0000000089500000| Untracked 
| 150|0x0000000089600000, 0x0000000089600000, 0x0000000089700000|  0%| F|  |TAMS 0x0000000089600000, 0x0000000089600000| Untracked 
| 151|0x0000000089700000, 0x0000000089700000, 0x0000000089800000|  0%| F|  |TAMS 0x0000000089700000, 0x0000000089700000| Untracked 
| 152|0x0000000089800000, 0x0000000089800000, 0x0000000089900000|  0%| F|  |TAMS 0x0000000089800000, 0x0000000089800000| Untracked 
| 153|0x0000000089900000, 0x0000000089900000, 0x0000000089a00000|  0%| F|  |TAMS 0x0000000089900000, 0x0000000089900000| Untracked 
| 154|0x0000000089a00000, 0x0000000089a00000, 0x0000000089b00000|  0%| F|  |TAMS 0x0000000089a00000, 0x0000000089a00000| Untracked 
| 155|0x0000000089b00000, 0x0000000089b00000, 0x0000000089c00000|  0%| F|  |TAMS 0x0000000089b00000, 0x0000000089b00000| Untracked 
| 156|0x0000000089c00000, 0x0000000089c00000, 0x0000000089d00000|  0%| F|  |TAMS 0x0000000089c00000, 0x0000000089c00000| Untracked 
| 157|0x0000000089d00000, 0x0000000089d00000, 0x0000000089e00000|  0%| F|  |TAMS 0x0000000089d00000, 0x0000000089d00000| Untracked 
| 158|0x0000000089e00000, 0x0000000089e00000, 0x0000000089f00000|  0%| F|  |TAMS 0x0000000089e00000, 0x0000000089e00000| Untracked 
| 159|0x0000000089f00000, 0x000000008a000000, 0x000000008a000000|100%| S|CS|TAMS 0x0000000089f00000, 0x0000000089f00000| Complete 
| 160|0x000000008a000000, 0x000000008a000000, 0x000000008a100000|  0%| F|  |TAMS 0x000000008a000000, 0x000000008a000000| Untracked 
| 161|0x000000008a100000, 0x000000008a100000, 0x000000008a200000|  0%| F|  |TAMS 0x000000008a100000, 0x000000008a100000| Untracked 
| 162|0x000000008a200000, 0x000000008a200000, 0x000000008a300000|  0%| F|  |TAMS 0x000000008a200000, 0x000000008a200000| Untracked 
| 163|0x000000008a300000, 0x000000008a300000, 0x000000008a400000|  0%| F|  |TAMS 0x000000008a300000, 0x000000008a300000| Untracked 
| 164|0x000000008a400000, 0x000000008a400000, 0x000000008a500000|  0%| F|  |TAMS 0x000000008a400000, 0x000000008a400000| Untracked 
| 165|0x000000008a500000, 0x000000008a500000, 0x000000008a600000|  0%| F|  |TAMS 0x000000008a500000, 0x000000008a500000| Untracked 
| 166|0x000000008a600000, 0x000000008a600000, 0x000000008a700000|  0%| F|  |TAMS 0x000000008a600000, 0x000000008a600000| Untracked 
| 167|0x000000008a700000, 0x000000008a700000, 0x000000008a800000|  0%| F|  |TAMS 0x000000008a700000, 0x000000008a700000| Untracked 
| 168|0x000000008a800000, 0x000000008a800000, 0x000000008a900000|  0%| F|  |TAMS 0x000000008a800000, 0x000000008a800000| Untracked 
| 169|0x000000008a900000, 0x000000008a900000, 0x000000008aa00000|  0%| F|  |TAMS 0x000000008a900000, 0x000000008a900000| Untracked 
| 170|0x000000008aa00000, 0x000000008aa00000, 0x000000008ab00000|  0%| F|  |TAMS 0x000000008aa00000, 0x000000008aa00000| Untracked 
| 171|0x000000008ab00000, 0x000000008ab00000, 0x000000008ac00000|  0%| F|  |TAMS 0x000000008ab00000, 0x000000008ab00000| Untracked 
| 172|0x000000008ac00000, 0x000000008ac00000, 0x000000008ad00000|  0%| F|  |TAMS 0x000000008ac00000, 0x000000008ac00000| Untracked 
| 173|0x000000008ad00000, 0x000000008ad00000, 0x000000008ae00000|  0%| F|  |TAMS 0x000000008ad00000, 0x000000008ad00000| Untracked 
| 174|0x000000008ae00000, 0x000000008ae00000, 0x000000008af00000|  0%| F|  |TAMS 0x000000008ae00000, 0x000000008ae00000| Untracked 
| 175|0x000000008af00000, 0x000000008af00000, 0x000000008b000000|  0%| F|  |TAMS 0x000000008af00000, 0x000000008af00000| Untracked 
| 176|0x000000008b000000, 0x000000008b000000, 0x000000008b100000|  0%| F|  |TAMS 0x000000008b000000, 0x000000008b000000| Untracked 
| 177|0x000000008b100000, 0x000000008b100000, 0x000000008b200000|  0%| F|  |TAMS 0x000000008b100000, 0x000000008b100000| Untracked 
| 178|0x000000008b200000, 0x000000008b200000, 0x000000008b300000|  0%| F|  |TAMS 0x000000008b200000, 0x000000008b200000| Untracked 
| 179|0x000000008b300000, 0x000000008b300000, 0x000000008b400000|  0%| F|  |TAMS 0x000000008b300000, 0x000000008b300000| Untracked 
| 180|0x000000008b400000, 0x000000008b400000, 0x000000008b500000|  0%| F|  |TAMS 0x000000008b400000, 0x000000008b400000| Untracked 
| 181|0x000000008b500000, 0x000000008b500000, 0x000000008b600000|  0%| F|  |TAMS 0x000000008b500000, 0x000000008b500000| Untracked 
| 182|0x000000008b600000, 0x000000008b600000, 0x000000008b700000|  0%| F|  |TAMS 0x000000008b600000, 0x000000008b600000| Untracked 
| 183|0x000000008b700000, 0x000000008b700000, 0x000000008b800000|  0%| F|  |TAMS 0x000000008b700000, 0x000000008b700000| Untracked 
| 184|0x000000008b800000, 0x000000008b800000, 0x000000008b900000|  0%| F|  |TAMS 0x000000008b800000, 0x000000008b800000| Untracked 
| 185|0x000000008b900000, 0x000000008b900000, 0x000000008ba00000|  0%| F|  |TAMS 0x000000008b900000, 0x000000008b900000| Untracked 
| 186|0x000000008ba00000, 0x000000008ba00000, 0x000000008bb00000|  0%| F|  |TAMS 0x000000008ba00000, 0x000000008ba00000| Untracked 
| 187|0x000000008bb00000, 0x000000008bb00000, 0x000000008bc00000|  0%| F|  |TAMS 0x000000008bb00000, 0x000000008bb00000| Untracked 
| 188|0x000000008bc00000, 0x000000008bc00000, 0x000000008bd00000|  0%| F|  |TAMS 0x000000008bc00000, 0x000000008bc00000| Untracked 
| 189|0x000000008bd00000, 0x000000008bd00000, 0x000000008be00000|  0%| F|  |TAMS 0x000000008bd00000, 0x000000008bd00000| Untracked 
| 190|0x000000008be00000, 0x000000008be00000, 0x000000008bf00000|  0%| F|  |TAMS 0x000000008be00000, 0x000000008be00000| Untracked 
| 191|0x000000008bf00000, 0x000000008bf00000, 0x000000008c000000|  0%| F|  |TAMS 0x000000008bf00000, 0x000000008bf00000| Untracked 
| 192|0x000000008c000000, 0x000000008c000000, 0x000000008c100000|  0%| F|  |TAMS 0x000000008c000000, 0x000000008c000000| Untracked 
| 193|0x000000008c100000, 0x000000008c100000, 0x000000008c200000|  0%| F|  |TAMS 0x000000008c100000, 0x000000008c100000| Untracked 
| 194|0x000000008c200000, 0x000000008c200000, 0x000000008c300000|  0%| F|  |TAMS 0x000000008c200000, 0x000000008c200000| Untracked 
| 195|0x000000008c300000, 0x000000008c300000, 0x000000008c400000|  0%| F|  |TAMS 0x000000008c300000, 0x000000008c300000| Untracked 
| 196|0x000000008c400000, 0x000000008c400000, 0x000000008c500000|  0%| F|  |TAMS 0x000000008c400000, 0x000000008c400000| Untracked 
| 197|0x000000008c500000, 0x000000008c500000, 0x000000008c600000|  0%| F|  |TAMS 0x000000008c500000, 0x000000008c500000| Untracked 
| 198|0x000000008c600000, 0x000000008c600000, 0x000000008c700000|  0%| F|  |TAMS 0x000000008c600000, 0x000000008c600000| Untracked 
| 199|0x000000008c700000, 0x000000008c700000, 0x000000008c800000|  0%| F|  |TAMS 0x000000008c700000, 0x000000008c700000| Untracked 
| 200|0x000000008c800000, 0x000000008c800000, 0x000000008c900000|  0%| F|  |TAMS 0x000000008c800000, 0x000000008c800000| Untracked 
| 201|0x000000008c900000, 0x000000008c900000, 0x000000008ca00000|  0%| F|  |TAMS 0x000000008c900000, 0x000000008c900000| Untracked 
| 202|0x000000008ca00000, 0x000000008ca00000, 0x000000008cb00000|  0%| F|  |TAMS 0x000000008ca00000, 0x000000008ca00000| Untracked 
| 203|0x000000008cb00000, 0x000000008cb00000, 0x000000008cc00000|  0%| F|  |TAMS 0x000000008cb00000, 0x000000008cb00000| Untracked 
| 204|0x000000008cc00000, 0x000000008cc00000, 0x000000008cd00000|  0%| F|  |TAMS 0x000000008cc00000, 0x000000008cc00000| Untracked 
| 205|0x000000008cd00000, 0x000000008cd00000, 0x000000008ce00000|  0%| F|  |TAMS 0x000000008cd00000, 0x000000008cd00000| Untracked 
| 206|0x000000008ce00000, 0x000000008ce00000, 0x000000008cf00000|  0%| F|  |TAMS 0x000000008ce00000, 0x000000008ce00000| Untracked 
| 207|0x000000008cf00000, 0x000000008cf00000, 0x000000008d000000|  0%| F|  |TAMS 0x000000008cf00000, 0x000000008cf00000| Untracked 
| 208|0x000000008d000000, 0x000000008d000000, 0x000000008d100000|  0%| F|  |TAMS 0x000000008d000000, 0x000000008d000000| Untracked 
| 209|0x000000008d100000, 0x000000008d100000, 0x000000008d200000|  0%| F|  |TAMS 0x000000008d100000, 0x000000008d100000| Untracked 
| 210|0x000000008d200000, 0x000000008d200000, 0x000000008d300000|  0%| F|  |TAMS 0x000000008d200000, 0x000000008d200000| Untracked 
| 211|0x000000008d300000, 0x000000008d300000, 0x000000008d400000|  0%| F|  |TAMS 0x000000008d300000, 0x000000008d300000| Untracked 
| 212|0x000000008d400000, 0x000000008d400000, 0x000000008d500000|  0%| F|  |TAMS 0x000000008d400000, 0x000000008d400000| Untracked 
| 213|0x000000008d500000, 0x000000008d500000, 0x000000008d600000|  0%| F|  |TAMS 0x000000008d500000, 0x000000008d500000| Untracked 
| 214|0x000000008d600000, 0x000000008d600000, 0x000000008d700000|  0%| F|  |TAMS 0x000000008d600000, 0x000000008d600000| Untracked 
| 215|0x000000008d700000, 0x000000008d700000, 0x000000008d800000|  0%| F|  |TAMS 0x000000008d700000, 0x000000008d700000| Untracked 
| 216|0x000000008d800000, 0x000000008d800000, 0x000000008d900000|  0%| F|  |TAMS 0x000000008d800000, 0x000000008d800000| Untracked 
| 217|0x000000008d900000, 0x000000008d900000, 0x000000008da00000|  0%| F|  |TAMS 0x000000008d900000, 0x000000008d900000| Untracked 
| 218|0x000000008da00000, 0x000000008da00000, 0x000000008db00000|  0%| F|  |TAMS 0x000000008da00000, 0x000000008da00000| Untracked 
| 219|0x000000008db00000, 0x000000008db00000, 0x000000008dc00000|  0%| F|  |TAMS 0x000000008db00000, 0x000000008db00000| Untracked 
| 220|0x000000008dc00000, 0x000000008dc00000, 0x000000008dd00000|  0%| F|  |TAMS 0x000000008dc00000, 0x000000008dc00000| Untracked 
| 221|0x000000008dd00000, 0x000000008dd00000, 0x000000008de00000|  0%| F|  |TAMS 0x000000008dd00000, 0x000000008dd00000| Untracked 
| 222|0x000000008de00000, 0x000000008de00000, 0x000000008df00000|  0%| F|  |TAMS 0x000000008de00000, 0x000000008de00000| Untracked 
| 223|0x000000008df00000, 0x000000008df00000, 0x000000008e000000|  0%| F|  |TAMS 0x000000008df00000, 0x000000008df00000| Untracked 
| 224|0x000000008e000000, 0x000000008e000000, 0x000000008e100000|  0%| F|  |TAMS 0x000000008e000000, 0x000000008e000000| Untracked 
| 225|0x000000008e100000, 0x000000008e100000, 0x000000008e200000|  0%| F|  |TAMS 0x000000008e100000, 0x000000008e100000| Untracked 
| 226|0x000000008e200000, 0x000000008e200000, 0x000000008e300000|  0%| F|  |TAMS 0x000000008e200000, 0x000000008e200000| Untracked 
| 227|0x000000008e300000, 0x000000008e300000, 0x000000008e400000|  0%| F|  |TAMS 0x000000008e300000, 0x000000008e300000| Untracked 
| 228|0x000000008e400000, 0x000000008e400000, 0x000000008e500000|  0%| F|  |TAMS 0x000000008e400000, 0x000000008e400000| Untracked 
| 229|0x000000008e500000, 0x000000008e500000, 0x000000008e600000|  0%| F|  |TAMS 0x000000008e500000, 0x000000008e500000| Untracked 
| 230|0x000000008e600000, 0x000000008e600000, 0x000000008e700000|  0%| F|  |TAMS 0x000000008e600000, 0x000000008e600000| Untracked 
| 231|0x000000008e700000, 0x000000008e700000, 0x000000008e800000|  0%| F|  |TAMS 0x000000008e700000, 0x000000008e700000| Untracked 
| 232|0x000000008e800000, 0x000000008e800000, 0x000000008e900000|  0%| F|  |TAMS 0x000000008e800000, 0x000000008e800000| Untracked 
| 233|0x000000008e900000, 0x000000008e900000, 0x000000008ea00000|  0%| F|  |TAMS 0x000000008e900000, 0x000000008e900000| Untracked 
| 234|0x000000008ea00000, 0x000000008ea00000, 0x000000008eb00000|  0%| F|  |TAMS 0x000000008ea00000, 0x000000008ea00000| Untracked 
| 235|0x000000008eb00000, 0x000000008eb00000, 0x000000008ec00000|  0%| F|  |TAMS 0x000000008eb00000, 0x000000008eb00000| Untracked 
| 236|0x000000008ec00000, 0x000000008ec00000, 0x000000008ed00000|  0%| F|  |TAMS 0x000000008ec00000, 0x000000008ec00000| Untracked 
| 237|0x000000008ed00000, 0x000000008ed00000, 0x000000008ee00000|  0%| F|  |TAMS 0x000000008ed00000, 0x000000008ed00000| Untracked 
| 238|0x000000008ee00000, 0x000000008ee00000, 0x000000008ef00000|  0%| F|  |TAMS 0x000000008ee00000, 0x000000008ee00000| Untracked 
| 239|0x000000008ef00000, 0x000000008ef00000, 0x000000008f000000|  0%| F|  |TAMS 0x000000008ef00000, 0x000000008ef00000| Untracked 
| 240|0x000000008f000000, 0x000000008f000000, 0x000000008f100000|  0%| F|  |TAMS 0x000000008f000000, 0x000000008f000000| Untracked 
| 241|0x000000008f100000, 0x000000008f100000, 0x000000008f200000|  0%| F|  |TAMS 0x000000008f100000, 0x000000008f100000| Untracked 
| 242|0x000000008f200000, 0x000000008f200000, 0x000000008f300000|  0%| F|  |TAMS 0x000000008f200000, 0x000000008f200000| Untracked 
| 243|0x000000008f300000, 0x000000008f300000, 0x000000008f400000|  0%| F|  |TAMS 0x000000008f300000, 0x000000008f300000| Untracked 
| 244|0x000000008f400000, 0x000000008f400000, 0x000000008f500000|  0%| F|  |TAMS 0x000000008f400000, 0x000000008f400000| Untracked 
| 245|0x000000008f500000, 0x000000008f500000, 0x000000008f600000|  0%| F|  |TAMS 0x000000008f500000, 0x000000008f500000| Untracked 
| 246|0x000000008f600000, 0x000000008f600000, 0x000000008f700000|  0%| F|  |TAMS 0x000000008f600000, 0x000000008f600000| Untracked 
| 247|0x000000008f700000, 0x000000008f700000, 0x000000008f800000|  0%| F|  |TAMS 0x000000008f700000, 0x000000008f700000| Untracked 
| 248|0x000000008f800000, 0x000000008f800000, 0x000000008f900000|  0%| F|  |TAMS 0x000000008f800000, 0x000000008f800000| Untracked 
| 249|0x000000008f900000, 0x000000008f900000, 0x000000008fa00000|  0%| F|  |TAMS 0x000000008f900000, 0x000000008f900000| Untracked 
| 250|0x000000008fa00000, 0x000000008fa00000, 0x000000008fb00000|  0%| F|  |TAMS 0x000000008fa00000, 0x000000008fa00000| Untracked 
| 251|0x000000008fb00000, 0x000000008fb00000, 0x000000008fc00000|  0%| F|  |TAMS 0x000000008fb00000, 0x000000008fb00000| Untracked 
| 252|0x000000008fc00000, 0x000000008fc00000, 0x000000008fd00000|  0%| F|  |TAMS 0x000000008fc00000, 0x000000008fc00000| Untracked 
| 253|0x000000008fd00000, 0x000000008fd00000, 0x000000008fe00000|  0%| F|  |TAMS 0x000000008fd00000, 0x000000008fd00000| Untracked 
| 254|0x000000008fe00000, 0x000000008fe00000, 0x000000008ff00000|  0%| F|  |TAMS 0x000000008fe00000, 0x000000008fe00000| Untracked 
| 255|0x000000008ff00000, 0x000000008ff00000, 0x0000000090000000|  0%| F|  |TAMS 0x000000008ff00000, 0x000000008ff00000| Untracked 
| 256|0x0000000090000000, 0x0000000090000000, 0x0000000090100000|  0%| F|  |TAMS 0x0000000090000000, 0x0000000090000000| Untracked 
| 257|0x0000000090100000, 0x0000000090100000, 0x0000000090200000|  0%| F|  |TAMS 0x0000000090100000, 0x0000000090100000| Untracked 
| 258|0x0000000090200000, 0x0000000090200000, 0x0000000090300000|  0%| F|  |TAMS 0x0000000090200000, 0x0000000090200000| Untracked 
| 259|0x0000000090300000, 0x0000000090300000, 0x0000000090400000|  0%| F|  |TAMS 0x0000000090300000, 0x0000000090300000| Untracked 
| 260|0x0000000090400000, 0x0000000090400000, 0x0000000090500000|  0%| F|  |TAMS 0x0000000090400000, 0x0000000090400000| Untracked 
| 261|0x0000000090500000, 0x0000000090500000, 0x0000000090600000|  0%| F|  |TAMS 0x0000000090500000, 0x0000000090500000| Untracked 
| 262|0x0000000090600000, 0x0000000090600000, 0x0000000090700000|  0%| F|  |TAMS 0x0000000090600000, 0x0000000090600000| Untracked 
| 263|0x0000000090700000, 0x0000000090700000, 0x0000000090800000|  0%| F|  |TAMS 0x0000000090700000, 0x0000000090700000| Untracked 
| 264|0x0000000090800000, 0x0000000090800000, 0x0000000090900000|  0%| F|  |TAMS 0x0000000090800000, 0x0000000090800000| Untracked 
| 265|0x0000000090900000, 0x0000000090900000, 0x0000000090a00000|  0%| F|  |TAMS 0x0000000090900000, 0x0000000090900000| Untracked 
| 266|0x0000000090a00000, 0x0000000090a00000, 0x0000000090b00000|  0%| F|  |TAMS 0x0000000090a00000, 0x0000000090a00000| Untracked 
| 267|0x0000000090b00000, 0x0000000090b00000, 0x0000000090c00000|  0%| F|  |TAMS 0x0000000090b00000, 0x0000000090b00000| Untracked 
| 268|0x0000000090c00000, 0x0000000090ca7958, 0x0000000090d00000| 65%| E|  |TAMS 0x0000000090c00000, 0x0000000090c00000| Complete 
| 269|0x0000000090d00000, 0x0000000090e00000, 0x0000000090e00000|100%| E|CS|TAMS 0x0000000090d00000, 0x0000000090d00000| Complete 
| 270|0x0000000090e00000, 0x0000000090f00000, 0x0000000090f00000|100%| E|CS|TAMS 0x0000000090e00000, 0x0000000090e00000| Complete 
| 271|0x0000000090f00000, 0x0000000091000000, 0x0000000091000000|100%| E|CS|TAMS 0x0000000090f00000, 0x0000000090f00000| Complete 
| 272|0x0000000091000000, 0x0000000091100000, 0x0000000091100000|100%| E|CS|TAMS 0x0000000091000000, 0x0000000091000000| Complete 
| 273|0x0000000091100000, 0x0000000091200000, 0x0000000091200000|100%| E|CS|TAMS 0x0000000091100000, 0x0000000091100000| Complete 
| 274|0x0000000091200000, 0x0000000091300000, 0x0000000091300000|100%| E|CS|TAMS 0x0000000091200000, 0x0000000091200000| Complete 
| 275|0x0000000091300000, 0x0000000091400000, 0x0000000091400000|100%| E|CS|TAMS 0x0000000091300000, 0x0000000091300000| Complete 
| 276|0x0000000091400000, 0x0000000091500000, 0x0000000091500000|100%| E|CS|TAMS 0x0000000091400000, 0x0000000091400000| Complete 
| 277|0x0000000091500000, 0x0000000091600000, 0x0000000091600000|100%| E|CS|TAMS 0x0000000091500000, 0x0000000091500000| Complete 
| 278|0x0000000091600000, 0x0000000091700000, 0x0000000091700000|100%| E|CS|TAMS 0x0000000091600000, 0x0000000091600000| Complete 
| 279|0x0000000091700000, 0x0000000091800000, 0x0000000091800000|100%| E|CS|TAMS 0x0000000091700000, 0x0000000091700000| Complete 
| 280|0x0000000091800000, 0x0000000091900000, 0x0000000091900000|100%| E|CS|TAMS 0x0000000091800000, 0x0000000091800000| Complete 

Card table byte_map: [0x0000021367660000,0x0000021367a60000] _byte_map_base: 0x0000021367260000

Marking Bits (Prev, Next): (CMBitMap*) 0x00000213504ab720, (CMBitMap*) 0x00000213504ab6e0
 Prev Bits: [0x0000021369e60000, 0x000002136be60000)
 Next Bits: [0x0000021367e60000, 0x0000021369e60000)

Polling page: 0x000002134e3e0000

Metaspace:

Usage:
  Non-class:     65.86 MB used.
      Class:     10.68 MB used.
       Both:     76.54 MB used.

Virtual space:
  Non-class space:      128.00 MB reserved,      66.31 MB ( 52%) committed,  2 nodes.
      Class space:      416.00 MB reserved,      11.06 MB (  3%) committed,  1 nodes.
             Both:      544.00 MB reserved,      77.38 MB ( 14%) committed. 

Chunk freelists:
   Non-Class:  12.80 MB
       Class:  4.97 MB
        Both:  17.77 MB

MaxMetaspaceSize: 512.00 MB
CompressedClassSpaceSize: 416.00 MB
Initial GC threshold: 21.00 MB
Current GC threshold: 128.75 MB
CDS: on
MetaspaceReclaimPolicy: balanced
 - commit_granule_bytes: 65536.
 - commit_granule_words: 8192.
 - virtual_space_node_default_size: 8388608.
 - enlarge_chunks_in_place: 1.
 - new_chunks_are_fully_committed: 0.
 - uncommit_free_chunks: 1.
 - use_allocation_guard: 0.
 - handle_deallocations: 1.


Internal statistics:

num_allocs_failed_limit: 9.
num_arena_births: 1102.
num_arena_deaths: 0.
num_vsnodes_births: 3.
num_vsnodes_deaths: 0.
num_space_committed: 1238.
num_space_uncommitted: 0.
num_chunks_returned_to_freelist: 9.
num_chunks_taken_from_freelist: 4369.
num_chunk_merges: 9.
num_chunk_splits: 2790.
num_chunks_enlarged: 1746.
num_inconsistent_stats: 0.

CodeHeap 'non-profiled nmethods': size=120000Kb used=5706Kb max_used=5706Kb free=114293Kb
 bounds [0x000002135fa00000, 0x000002135ffa0000, 0x0000021366f30000]
CodeHeap 'profiled nmethods': size=120000Kb used=18676Kb max_used=18676Kb free=101323Kb
 bounds [0x0000021357f30000, 0x0000021359180000, 0x000002135f460000]
CodeHeap 'non-nmethods': size=5760Kb used=2431Kb max_used=2482Kb free=3328Kb
 bounds [0x000002135f460000, 0x000002135f6e0000, 0x000002135fa00000]
 total_blobs=10895 nmethods=9939 adapters=868
 compilation: enabled
              stopped_count=0, restarted_count=0
 full_count=0

Compilation events (20 events):
Event: 25.030 Thread 0x000002136e681a10 nmethod 11518 0x000002135fcafa10 code [0x000002135fcafb80, 0x000002135fcafbf8]
Event: 25.030 Thread 0x0000021379b3ed40 nmethod 11519 0x000002135fcaf590 code [0x000002135fcaf700, 0x000002135fcaf778]
Event: 25.033 Thread 0x000002136e681a10 11520       4       org.gradle.internal.snapshot.LargeChildMap::withNode (45 bytes)
Event: 25.034 Thread 0x0000021379b3ed40 11521       4       java.util.concurrent.FutureTask::finishCompletion (71 bytes)
Event: 25.041 Thread 0x0000021379b3ed40 nmethod 11521 0x000002135ff8b090 code [0x000002135ff8b220, 0x000002135ff8b448]
Event: 25.046 Thread 0x000002136e681a10 nmethod 11520 0x000002135ff8b590 code [0x000002135ff8b7a0, 0x000002135ff8bea8]
Event: 25.053 Thread 0x000002136e681a10 11522       4       sun.nio.fs.WindowsPath::getFileSystem (5 bytes)
Event: 25.053 Thread 0x000002136e681a10 nmethod 11522 0x000002135ff8c890 code [0x000002135ff8ca00, 0x000002135ff8ca78]
Event: 25.057 Thread 0x000002136e681a10 11523       4       org.gradle.internal.operations.DefaultBuildOperationListenerManager$1::started (47 bytes)
Event: 25.063 Thread 0x000002136e681a10 nmethod 11523 0x000002135ff8cb90 code [0x000002135ff8cd40, 0x000002135ff8d008]
Event: 25.065 Thread 0x000002136e681a10 11524       4       java.util.LinkedHashMap::entrySet (27 bytes)
Event: 25.067 Thread 0x000002136e681a10 nmethod 11524 0x000002135ff8d410 code [0x000002135ff8d5a0, 0x000002135ff8d738]
Event: 25.068 Thread 0x0000021379b3ed40 11525   !   4       com.google.common.cache.LocalCache$Segment::put (439 bytes)
Event: 25.076 Thread 0x000002136e681a10 11526   !   4       java.util.concurrent.FutureTask::run (123 bytes)
Event: 25.114 Thread 0x0000021379b3ed40 nmethod 11525 0x000002135ff8d810 code [0x000002135ff8db40, 0x000002135ff8f240]
Event: 25.114 Thread 0x0000021379b3ed40 11529       4       org.gradle.internal.snapshot.DirectorySnapshot$$Lambda$553/0x000002130149bb80::apply (8 bytes)
Event: 25.118 Thread 0x0000021379b3ed40 nmethod 11529 0x000002135ff90a10 code [0x000002135ff90ba0, 0x000002135ff90e78]
Event: 25.118 Thread 0x0000021379b3ed40 11528       4       java.io.ByteArrayOutputStream::<init> (43 bytes)
Event: 25.120 Thread 0x0000021379b3ed40 nmethod 11528 0x000002135ff90f90 code [0x000002135ff91120, 0x000002135ff91378]
Event: 25.120 Thread 0x0000021379b3ed40 11527       4       org.gradle.cache.internal.ExclusiveCacheAccessingWorker$$Lambda$548/0x000002130149a878::call (10 bytes)

GC Heap History (20 events):
Event: 15.234 GC heap before
{Heap before GC invocations=28 (full 0):
 garbage-first heap   total 167936K, used 123580K [0x0000000080000000, 0x0000000100000000)
  region size 1024K, 61 young (62464K), 1 survivors (1024K)
 Metaspace       used 69115K, committed 69760K, reserved 491520K
  class space    used 9663K, committed 9984K, reserved 425984K
}
Event: 15.242 GC heap after
{Heap after GC invocations=29 (full 0):
 garbage-first heap   total 167936K, used 67930K [0x0000000080000000, 0x0000000100000000)
  region size 1024K, 5 young (5120K), 5 survivors (5120K)
 Metaspace       used 69115K, committed 69760K, reserved 491520K
  class space    used 9663K, committed 9984K, reserved 425984K
}
Event: 17.167 GC heap before
{Heap before GC invocations=29 (full 0):
 garbage-first heap   total 167936K, used 127322K [0x0000000080000000, 0x0000000100000000)
  region size 1024K, 63 young (64512K), 5 survivors (5120K)
 Metaspace       used 71904K, committed 72640K, reserved 491520K
  class space    used 10052K, committed 10432K, reserved 425984K
}
Event: 17.176 GC heap after
{Heap after GC invocations=30 (full 0):
 garbage-first heap   total 167936K, used 68311K [0x0000000080000000, 0x0000000100000000)
  region size 1024K, 4 young (4096K), 4 survivors (4096K)
 Metaspace       used 71904K, committed 72640K, reserved 491520K
  class space    used 10052K, committed 10432K, reserved 425984K
}
Event: 19.548 GC heap before
{Heap before GC invocations=30 (full 0):
 garbage-first heap   total 167936K, used 127703K [0x0000000080000000, 0x0000000100000000)
  region size 1024K, 63 young (64512K), 4 survivors (4096K)
 Metaspace       used 76131K, committed 76864K, reserved 557056K
  class space    used 10726K, committed 11072K, reserved 425984K
}
Event: 19.561 GC heap after
{Heap after GC invocations=31 (full 0):
 garbage-first heap   total 167936K, used 75005K [0x0000000080000000, 0x0000000100000000)
  region size 1024K, 8 young (8192K), 8 survivors (8192K)
 Metaspace       used 76131K, committed 76864K, reserved 557056K
  class space    used 10726K, committed 11072K, reserved 425984K
}
Event: 21.001 GC heap before
{Heap before GC invocations=31 (full 0):
 garbage-first heap   total 167936K, used 130301K [0x0000000080000000, 0x0000000100000000)
  region size 1024K, 62 young (63488K), 8 survivors (8192K)
 Metaspace       used 77845K, committed 78656K, reserved 557056K
  class space    used 10928K, committed 11328K, reserved 425984K
}
Event: 21.018 GC heap after
{Heap after GC invocations=32 (full 0):
 garbage-first heap   total 167936K, used 83700K [0x0000000080000000, 0x0000000100000000)
  region size 1024K, 8 young (8192K), 8 survivors (8192K)
 Metaspace       used 77845K, committed 78656K, reserved 557056K
  class space    used 10928K, committed 11328K, reserved 425984K
}
Event: 24.018 GC heap before
{Heap before GC invocations=32 (full 0):
 garbage-first heap   total 167936K, used 128756K [0x0000000080000000, 0x0000000100000000)
  region size 1024K, 53 young (54272K), 8 survivors (8192K)
 Metaspace       used 78265K, committed 79104K, reserved 557056K
  class space    used 10932K, committed 11328K, reserved 425984K
}
Event: 24.029 GC heap after
{Heap after GC invocations=33 (full 0):
 garbage-first heap   total 167936K, used 88025K [0x0000000080000000, 0x0000000100000000)
  region size 1024K, 7 young (7168K), 7 survivors (7168K)
 Metaspace       used 78265K, committed 79104K, reserved 557056K
  class space    used 10932K, committed 11328K, reserved 425984K
}
Event: 24.399 GC heap before
{Heap before GC invocations=34 (full 0):
 garbage-first heap   total 167936K, used 130009K [0x0000000080000000, 0x0000000100000000)
  region size 1024K, 49 young (50176K), 7 survivors (7168K)
 Metaspace       used 78348K, committed 79168K, reserved 557056K
  class space    used 10935K, committed 11328K, reserved 425984K
}
Event: 24.406 GC heap after
{Heap after GC invocations=35 (full 0):
 garbage-first heap   total 167936K, used 89578K [0x0000000080000000, 0x0000000100000000)
  region size 1024K, 4 young (4096K), 4 survivors (4096K)
 Metaspace       used 78348K, committed 79168K, reserved 557056K
  class space    used 10935K, committed 11328K, reserved 425984K
}
Event: 24.430 GC heap before
{Heap before GC invocations=35 (full 0):
 garbage-first heap   total 167936K, used 92650K [0x0000000080000000, 0x0000000100000000)
  region size 1024K, 8 young (8192K), 4 survivors (4096K)
 Metaspace       used 78350K, committed 79168K, reserved 557056K
  class space    used 10935K, committed 11328K, reserved 425984K
}
Event: 24.435 GC heap after
{Heap after GC invocations=36 (full 0):
 garbage-first heap   total 167936K, used 88475K [0x0000000080000000, 0x0000000100000000)
  region size 1024K, 1 young (1024K), 1 survivors (1024K)
 Metaspace       used 78350K, committed 79168K, reserved 557056K
  class space    used 10935K, committed 11328K, reserved 425984K
}
Event: 24.733 GC heap before
{Heap before GC invocations=36 (full 0):
 garbage-first heap   total 167936K, used 131483K [0x0000000080000000, 0x0000000100000000)
  region size 1024K, 44 young (45056K), 1 survivors (1024K)
 Metaspace       used 78357K, committed 79232K, reserved 557056K
  class space    used 10935K, committed 11328K, reserved 425984K
}
Event: 24.738 GC heap after
{Heap after GC invocations=37 (full 0):
 garbage-first heap   total 167936K, used 90916K [0x0000000080000000, 0x0000000100000000)
  region size 1024K, 4 young (4096K), 4 survivors (4096K)
 Metaspace       used 78357K, committed 79232K, reserved 557056K
  class space    used 10935K, committed 11328K, reserved 425984K
}
Event: 25.130 GC heap before
{Heap before GC invocations=38 (full 0):
 garbage-first heap   total 167936K, used 132900K [0x0000000080000000, 0x0000000100000000)
  region size 1024K, 46 young (47104K), 4 survivors (4096K)
 Metaspace       used 78359K, committed 79232K, reserved 557056K
  class space    used 10935K, committed 11328K, reserved 425984K
}
Event: 25.134 GC heap after
{Heap after GC invocations=39 (full 0):
 garbage-first heap   total 167936K, used 91998K [0x0000000080000000, 0x0000000100000000)
  region size 1024K, 4 young (4096K), 4 survivors (4096K)
 Metaspace       used 78359K, committed 79232K, reserved 557056K
  class space    used 10935K, committed 11328K, reserved 425984K
}
Event: 25.158 GC heap before
{Heap before GC invocations=39 (full 0):
 garbage-first heap   total 167936K, used 95070K [0x0000000080000000, 0x0000000100000000)
  region size 1024K, 8 young (8192K), 4 survivors (4096K)
 Metaspace       used 78359K, committed 79232K, reserved 557056K
  class space    used 10935K, committed 11328K, reserved 425984K
}
Event: 25.163 GC heap after
{Heap after GC invocations=40 (full 0):
 garbage-first heap   total 287744K, used 90212K [0x0000000080000000, 0x0000000100000000)
  region size 1024K, 1 young (1024K), 1 survivors (1024K)
 Metaspace       used 78359K, committed 79232K, reserved 557056K
  class space    used 10935K, committed 11328K, reserved 425984K
}

Dll operation events (14 events):
Event: 0.010 Loaded shared library C:\Program Files\Microsoft\jdk-17.0.8.7-hotspot\bin\java.dll
Event: 0.033 Loaded shared library C:\Program Files\Microsoft\jdk-17.0.8.7-hotspot\bin\jsvml.dll
Event: 0.075 Loaded shared library C:\Program Files\Microsoft\jdk-17.0.8.7-hotspot\bin\zip.dll
Event: 0.078 Loaded shared library C:\Program Files\Microsoft\jdk-17.0.8.7-hotspot\bin\instrument.dll
Event: 0.083 Loaded shared library C:\Program Files\Microsoft\jdk-17.0.8.7-hotspot\bin\net.dll
Event: 0.084 Loaded shared library C:\Program Files\Microsoft\jdk-17.0.8.7-hotspot\bin\nio.dll
Event: 0.087 Loaded shared library C:\Program Files\Microsoft\jdk-17.0.8.7-hotspot\bin\zip.dll
Event: 0.326 Loaded shared library C:\Program Files\Microsoft\jdk-17.0.8.7-hotspot\bin\jimage.dll
Event: 0.531 Loaded shared library C:\Program Files\Microsoft\jdk-17.0.8.7-hotspot\bin\verify.dll
Event: 0.762 Loaded shared library C:\Users\Yogesh\.gradle\native\c067742578af261105cb4f569cf0c3c89f3d7b1fecec35dd04571415982c5e48\windows-amd64\native-platform.dll
Event: 0.774 Loaded shared library C:\Users\Yogesh\.gradle\native\100fb08df4bc3b14c8652ba06237920a3bd2aa13389f12d3474272988ae205f9\windows-amd64\native-platform-file-events.dll
Event: 1.929 Loaded shared library C:\Program Files\Microsoft\jdk-17.0.8.7-hotspot\bin\management.dll
Event: 1.931 Loaded shared library C:\Program Files\Microsoft\jdk-17.0.8.7-hotspot\bin\management_ext.dll
Event: 2.337 Loaded shared library C:\Program Files\Microsoft\jdk-17.0.8.7-hotspot\bin\sunmscapi.dll

Deoptimization events (20 events):
Event: 24.379 Thread 0x00000213799ffec0 Uncommon trap: trap_request=0xffffffbe fr.pc=0x000002135fe33108 relative=0x0000000000000fe8
Event: 24.379 Thread 0x00000213799ffec0 Uncommon trap: reason=profile_predicate action=maybe_recompile pc=0x000002135fe33108 method=org.gradle.internal.file.FileHierarchySet$Node.contains(Ljava/lang/String;I)Z @ 69 c2
Event: 24.379 Thread 0x00000213799ffec0 DEOPT PACKING pc=0x000002135fe33108 sp=0x000000b46f9fc190
Event: 24.379 Thread 0x00000213799ffec0 DEOPT UNPACKING pc=0x000002135f4ba1a3 sp=0x000000b46f9fc190 mode 2
Event: 24.380 Thread 0x0000021379a06400 Uncommon trap: trap_request=0xffffffbe fr.pc=0x000002135fe33108 relative=0x0000000000000fe8
Event: 24.380 Thread 0x0000021379a059e0 Uncommon trap: trap_request=0xffffffbe fr.pc=0x000002135fe33108 relative=0x0000000000000fe8
Event: 24.380 Thread 0x0000021379a059e0 Uncommon trap: reason=profile_predicate action=maybe_recompile pc=0x000002135fe33108 method=org.gradle.internal.file.FileHierarchySet$Node.contains(Ljava/lang/String;I)Z @ 69 c2
Event: 24.380 Thread 0x0000021379a06400 Uncommon trap: reason=profile_predicate action=maybe_recompile pc=0x000002135fe33108 method=org.gradle.internal.file.FileHierarchySet$Node.contains(Ljava/lang/String;I)Z @ 69 c2
Event: 24.380 Thread 0x0000021379a05ef0 Uncommon trap: trap_request=0xffffffbe fr.pc=0x000002135fe33108 relative=0x0000000000000fe8
Event: 24.380 Thread 0x0000021379a05ef0 Uncommon trap: reason=profile_predicate action=maybe_recompile pc=0x000002135fe33108 method=org.gradle.internal.file.FileHierarchySet$Node.contains(Ljava/lang/String;I)Z @ 69 c2
Event: 24.380 Thread 0x0000021379a059e0 DEOPT PACKING pc=0x000002135fe33108 sp=0x000000b46f5fc260
Event: 24.380 Thread 0x0000021379a06400 DEOPT PACKING pc=0x000002135fe33108 sp=0x000000b46fafc440
Event: 24.380 Thread 0x0000021379a059e0 DEOPT UNPACKING pc=0x000002135f4ba1a3 sp=0x000000b46f5fc260 mode 2
Event: 24.380 Thread 0x0000021379a05ef0 DEOPT PACKING pc=0x000002135fe33108 sp=0x000000b46f7fc290
Event: 24.380 Thread 0x0000021379a06400 DEOPT UNPACKING pc=0x000002135f4ba1a3 sp=0x000000b46fafc440 mode 2
Event: 24.380 Thread 0x0000021379a05ef0 DEOPT UNPACKING pc=0x000002135f4ba1a3 sp=0x000000b46f7fc290 mode 2
Event: 24.970 Thread 0x0000021379a06400 Uncommon trap: trap_request=0xffffff45 fr.pc=0x000002135fbb9a78 relative=0x00000000000001d8
Event: 24.970 Thread 0x0000021379a06400 Uncommon trap: reason=unstable_if action=reinterpret pc=0x000002135fbb9a78 method=java.util.concurrent.locks.AbstractQueuedSynchronizer.hasQueuedPredecessors()Z @ 33 c2
Event: 24.970 Thread 0x0000021379a06400 DEOPT PACKING pc=0x000002135fbb9a78 sp=0x000000b46fafc220
Event: 24.970 Thread 0x0000021379a06400 DEOPT UNPACKING pc=0x000002135f4ba1a3 sp=0x000000b46fafc168 mode 2

Classes unloaded (0 events):
No events

Classes redefined (0 events):
No events

Internal exceptions (20 events):
Event: 20.332 Thread 0x0000021374f9f180 Exception <a 'java/lang/ClassNotFoundException'{0x00000000878570e8}: org/gradle/api/internal/DefaultNamedDomainObjectListBeanInfo> (0x00000000878570e8) 
thrown [s\src\hotspot\share\classfile\systemDictionary.cpp, line 256]
Event: 20.334 Thread 0x0000021374f9f180 Exception <a 'java/lang/ClassNotFoundException'{0x000000008786ce80}: org/gradle/api/internal/DefaultNamedDomainObjectCollectionBeanInfo> (0x000000008786ce80) 
thrown [s\src\hotspot\share\classfile\systemDictionary.cpp, line 256]
Event: 20.336 Thread 0x0000021374f9f180 Exception <a 'java/lang/ClassNotFoundException'{0x0000000087882cc0}: org/gradle/api/internal/DefaultDomainObjectCollectionBeanInfo> (0x0000000087882cc0) 
thrown [s\src\hotspot\share\classfile\systemDictionary.cpp, line 256]
Event: 20.337 Thread 0x0000021374f9f180 Exception <a 'java/lang/ClassNotFoundException'{0x000000008788aa90}: java/util/AbstractCollectionBeanInfo> (0x000000008788aa90) 
thrown [s\src\hotspot\share\classfile\systemDictionary.cpp, line 256]
Event: 20.337 Thread 0x0000021374f9f180 Exception <a 'java/lang/ClassNotFoundException'{0x0000000087892828}: java/util/AbstractCollectionCustomizer> (0x0000000087892828) 
thrown [s\src\hotspot\share\classfile\systemDictionary.cpp, line 256]
Event: 20.341 Thread 0x0000021374f9f180 Exception <a 'java/lang/ClassNotFoundException'{0x00000000878b1f88}: org/gradle/api/internal/DefaultDomainObjectCollectionCustomizer> (0x00000000878b1f88) 
thrown [s\src\hotspot\share\classfile\systemDictionary.cpp, line 256]
Event: 20.346 Thread 0x0000021374f9f180 Exception <a 'java/lang/ClassNotFoundException'{0x00000000878e8050}: org/gradle/api/internal/DefaultNamedDomainObjectCollectionCustomizer> (0x00000000878e8050) 
thrown [s\src\hotspot\share\classfile\systemDictionary.cpp, line 256]
Event: 20.351 Thread 0x0000021374f9f180 Exception <a 'java/lang/ClassNotFoundException'{0x0000000087727008}: org/gradle/api/internal/DefaultNamedDomainObjectListCustomizer> (0x0000000087727008) 
thrown [s\src\hotspot\share\classfile\systemDictionary.cpp, line 256]
Event: 20.353 Thread 0x0000021374f9f180 Exception <a 'java/lang/ClassNotFoundException'{0x000000008775c8a0}: org/gradle/api/internal/artifacts/DefaultArtifactRepositoryContainerCustomizer> (0x000000008775c8a0) 
thrown [s\src\hotspot\share\classfile\systemDictionary.cpp, line 256]
Event: 20.357 Thread 0x0000021374f9f180 Exception <a 'java/lang/ClassNotFoundException'{0x0000000087786b18}: org/gradle/api/internal/artifacts/dsl/DefaultRepositoryHandlerCustomizer> (0x0000000087786b18) 
thrown [s\src\hotspot\share\classfile\systemDictionary.cpp, line 256]
Event: 20.361 Thread 0x0000021374f9f180 Exception <a 'java/lang/ClassNotFoundException'{0x00000000877bf258}: org/gradle/api/internal/artifacts/dsl/DefaultRepositoryHandler_DecoratedCustomizer> (0x00000000877bf258) 
thrown [s\src\hotspot\share\classfile\systemDictionary.cpp, line 256]
Event: 20.379 Thread 0x0000021374f9f180 Exception <a 'java/lang/ClassNotFoundException'{0x0000000087668588}: org/gradle/api/internal/artifacts/dsl/dependencies/DefaultDependencyHandler_DecoratedBeanInfo> (0x0000000087668588) 
thrown [s\src\hotspot\share\classfile\systemDictionary.cpp, line 256]
Event: 20.381 Thread 0x0000021374f9f180 Exception <a 'java/lang/ClassNotFoundException'{0x00000000876801e0}: org/gradle/api/internal/artifacts/dsl/dependencies/DefaultDependencyHandlerBeanInfo> (0x00000000876801e0) 
thrown [s\src\hotspot\share\classfile\systemDictionary.cpp, line 256]
Event: 20.384 Thread 0x0000021374f9f180 Exception <a 'java/lang/ClassNotFoundException'{0x00000000876975a0}: org/gradle/api/internal/artifacts/dsl/dependencies/DefaultDependencyHandlerCustomizer> (0x00000000876975a0) 
thrown [s\src\hotspot\share\classfile\systemDictionary.cpp, line 256]
Event: 20.389 Thread 0x0000021374f9f180 Exception <a 'java/lang/ClassNotFoundException'{0x00000000876d6d80}: org/gradle/api/internal/artifacts/dsl/dependencies/DefaultDependencyHandler_DecoratedCustomizer> (0x00000000876d6d80) 
thrown [s\src\hotspot\share\classfile\systemDictionary.cpp, line 256]
Event: 23.560 Thread 0x0000021378a6c700 Exception <a 'sun/nio/fs/WindowsException'{0x00000000894a8720}> (0x00000000894a8720) 
thrown [s\src\hotspot\share\prims\jni.cpp, line 516]
Event: 23.561 Thread 0x0000021378a6c700 Exception <a 'sun/nio/fs/WindowsException'{0x00000000894ab3c8}> (0x00000000894ab3c8) 
thrown [s\src\hotspot\share\prims\jni.cpp, line 516]
Event: 23.562 Thread 0x0000021378a6c700 Exception <a 'sun/nio/fs/WindowsException'{0x00000000894ade10}> (0x00000000894ade10) 
thrown [s\src\hotspot\share\prims\jni.cpp, line 516]
Event: 23.562 Thread 0x0000021378a6c700 Exception <a 'sun/nio/fs/WindowsException'{0x00000000894c8b08}> (0x00000000894c8b08) 
thrown [s\src\hotspot\share\prims\jni.cpp, line 516]
Event: 24.203 Thread 0x0000021379a05ef0 Implicit null exception at 0x000002135fe6c1b8 to 0x000002135fe6c800

VM Operations (20 events):
Event: 24.018 Executing VM operation: G1CollectForAllocation
Event: 24.029 Executing VM operation: G1CollectForAllocation done
Event: 24.125 Executing VM operation: G1PauseRemark
Event: 24.132 Executing VM operation: G1PauseRemark done
Event: 24.183 Executing VM operation: G1PauseCleanup
Event: 24.183 Executing VM operation: G1PauseCleanup done
Event: 24.398 Executing VM operation: G1CollectForAllocation
Event: 24.407 Executing VM operation: G1CollectForAllocation done
Event: 24.430 Executing VM operation: G1CollectForAllocation
Event: 24.435 Executing VM operation: G1CollectForAllocation done
Event: 24.733 Executing VM operation: G1CollectForAllocation
Event: 24.739 Executing VM operation: G1CollectForAllocation done
Event: 24.834 Executing VM operation: G1PauseRemark
Event: 24.839 Executing VM operation: G1PauseRemark done
Event: 24.891 Executing VM operation: G1PauseCleanup
Event: 24.891 Executing VM operation: G1PauseCleanup done
Event: 25.129 Executing VM operation: G1CollectForAllocation
Event: 25.135 Executing VM operation: G1CollectForAllocation done
Event: 25.158 Executing VM operation: G1CollectForAllocation
Event: 25.164 Executing VM operation: G1CollectForAllocation done

Events (20 events):
Event: 20.521 Thread 0x000002136e697030 flushing nmethod 0x00000213590a9590
Event: 20.916 Thread 0x0000021379b407d0 Thread exited: 0x0000021379b407d0
Event: 21.050 Thread 0x0000021379b417c0 Thread exited: 0x0000021379b417c0
Event: 23.180 Thread 0x0000021379b40d20 Thread added: 0x0000021379b40d20
Event: 23.328 Thread 0x0000021375346090 Thread added: 0x0000021375346090
Event: 23.328 Thread 0x000002137533f130 Thread added: 0x000002137533f130
Event: 23.328 Thread 0x0000021375346ab0 Thread added: 0x0000021375346ab0
Event: 23.328 Thread 0x000002136ebe5d00 Thread added: 0x000002136ebe5d00
Event: 23.328 Thread 0x00000213757556a0 Thread added: 0x00000213757556a0
Event: 23.329 Thread 0x0000021377f98660 Thread added: 0x0000021377f98660
Event: 23.331 Thread 0x0000021377f962f0 Thread added: 0x0000021377f962f0
Event: 23.431 Thread 0x0000021379b40d20 Thread exited: 0x0000021379b40d20
Event: 23.518 Thread 0x0000021377f97220 Thread added: 0x0000021377f97220
Event: 24.002 Thread 0x0000021379b3ed40 Thread added: 0x0000021379b3ed40
Event: 24.133 loading class sun/security/ssl/Alert
Event: 24.133 loading class sun/security/ssl/Alert done
Event: 24.133 loading class sun/security/ssl/Alert$AlertConsumer
Event: 24.134 loading class sun/security/ssl/Alert$AlertConsumer done
Event: 24.134 loading class sun/security/ssl/Alert$Level
Event: 24.134 loading class sun/security/ssl/Alert$Level done


Dynamic libraries:
0x00007ff67d780000 - 0x00007ff67d78e000 	C:\Program Files\Microsoft\jdk-17.0.8.7-hotspot\bin\java.exe
0x00007fffdb8b0000 - 0x00007fffdbac7000 	C:\WINDOWS\SYSTEM32\ntdll.dll
0x00007fffda0a0000 - 0x00007fffda164000 	C:\WINDOWS\System32\KERNEL32.DLL
0x00007fffd8d80000 - 0x00007fffd913a000 	C:\WINDOWS\System32\KERNELBASE.dll
0x00007fffd8c60000 - 0x00007fffd8d71000 	C:\WINDOWS\System32\ucrtbase.dll
0x00007fffc8d10000 - 0x00007fffc8d2b000 	C:\Program Files\Microsoft\jdk-17.0.8.7-hotspot\bin\VCRUNTIME140.dll
0x00007fffc8d30000 - 0x00007fffc8d47000 	C:\Program Files\Microsoft\jdk-17.0.8.7-hotspot\bin\jli.dll
0x00007fffdaa50000 - 0x00007fffdabfe000 	C:\WINDOWS\System32\USER32.dll
0x00007fffd8b80000 - 0x00007fffd8ba6000 	C:\WINDOWS\System32\win32u.dll
0x00007fffb9e20000 - 0x00007fffba0b2000 	C:\WINDOWS\WinSxS\amd64_microsoft.windows.common-controls_6595b64144ccf1df_6.0.22621.4541_none_2710d1c57384c085\COMCTL32.dll
0x00007fffdb1d0000 - 0x00007fffdb1f9000 	C:\WINDOWS\System32\GDI32.dll
0x00007fffdb7c0000 - 0x00007fffdb867000 	C:\WINDOWS\System32\msvcrt.dll
0x00007fffd92a0000 - 0x00007fffd93bb000 	C:\WINDOWS\System32\gdi32full.dll
0x00007fffd9200000 - 0x00007fffd929a000 	C:\WINDOWS\System32\msvcp_win.dll
0x00007fffd9d40000 - 0x00007fffd9d71000 	C:\WINDOWS\System32\IMM32.DLL
0x00007fffc8d00000 - 0x00007fffc8d0c000 	C:\Program Files\Microsoft\jdk-17.0.8.7-hotspot\bin\vcruntime140_1.dll
0x00007fff9b870000 - 0x00007fff9b8fd000 	C:\Program Files\Microsoft\jdk-17.0.8.7-hotspot\bin\msvcp140.dll
0x00007fff26b80000 - 0x00007fff277e5000 	C:\Program Files\Microsoft\jdk-17.0.8.7-hotspot\bin\server\jvm.dll
0x00007fffd9e60000 - 0x00007fffd9f12000 	C:\WINDOWS\System32\ADVAPI32.dll
0x00007fffd9a80000 - 0x00007fffd9b27000 	C:\WINDOWS\System32\sechost.dll
0x00007fffd8c30000 - 0x00007fffd8c58000 	C:\WINDOWS\System32\bcrypt.dll
0x00007fffd9f30000 - 0x00007fffda044000 	C:\WINDOWS\System32\RPCRT4.dll
0x00007fffce780000 - 0x00007fffce789000 	C:\WINDOWS\SYSTEM32\WSOCK32.dll
0x00007fffd8a50000 - 0x00007fffd8a9d000 	C:\WINDOWS\SYSTEM32\POWRPROF.dll
0x00007fffd9b30000 - 0x00007fffd9ba1000 	C:\WINDOWS\System32\WS2_32.dll
0x00007fffd07f0000 - 0x00007fffd0824000 	C:\WINDOWS\SYSTEM32\WINMM.dll
0x00007fffcf5a0000 - 0x00007fffcf5aa000 	C:\WINDOWS\SYSTEM32\VERSION.dll
0x00007fffd8a30000 - 0x00007fffd8a43000 	C:\WINDOWS\SYSTEM32\UMPDC.dll
0x00007fffd7b80000 - 0x00007fffd7b98000 	C:\WINDOWS\SYSTEM32\kernel.appcore.dll
0x00007fffc8bb0000 - 0x00007fffc8bba000 	C:\Program Files\Microsoft\jdk-17.0.8.7-hotspot\bin\jimage.dll
0x00007fffd6610000 - 0x00007fffd6842000 	C:\WINDOWS\SYSTEM32\DBGHELP.DLL
0x00007fffdac90000 - 0x00007fffdb01f000 	C:\WINDOWS\System32\combase.dll
0x00007fffdb260000 - 0x00007fffdb337000 	C:\WINDOWS\System32\OLEAUT32.dll
0x00007fffcd170000 - 0x00007fffcd1a2000 	C:\WINDOWS\SYSTEM32\dbgcore.DLL
0x00007fffd9530000 - 0x00007fffd95ab000 	C:\WINDOWS\System32\bcryptPrimitives.dll
0x00007fffd0960000 - 0x00007fffd096e000 	C:\Program Files\Microsoft\jdk-17.0.8.7-hotspot\bin\instrument.dll
0x00007fffc8b30000 - 0x00007fffc8b55000 	C:\Program Files\Microsoft\jdk-17.0.8.7-hotspot\bin\java.dll
0x00007fff97230000 - 0x00007fff97307000 	C:\Program Files\Microsoft\jdk-17.0.8.7-hotspot\bin\jsvml.dll
0x00007fffda1d0000 - 0x00007fffdaa48000 	C:\WINDOWS\System32\SHELL32.dll
0x00007fffd6a70000 - 0x00007fffd7378000 	C:\WINDOWS\SYSTEM32\windows.storage.dll
0x00007fffd6930000 - 0x00007fffd6a6f000 	C:\WINDOWS\SYSTEM32\wintypes.dll
0x00007fffd9810000 - 0x00007fffd990a000 	C:\WINDOWS\System32\SHCORE.dll
0x00007fffda170000 - 0x00007fffda1ce000 	C:\WINDOWS\System32\shlwapi.dll
0x00007fffd8ab0000 - 0x00007fffd8adb000 	C:\WINDOWS\SYSTEM32\profapi.dll
0x00007fffaf430000 - 0x00007fffaf448000 	C:\Program Files\Microsoft\jdk-17.0.8.7-hotspot\bin\zip.dll
0x00007fffc42f0000 - 0x00007fffc4309000 	C:\Program Files\Microsoft\jdk-17.0.8.7-hotspot\bin\net.dll
0x00007fffd1dd0000 - 0x00007fffd1f06000 	C:\WINDOWS\SYSTEM32\WINHTTP.dll
0x00007fffd8000000 - 0x00007fffd8069000 	C:\WINDOWS\system32\mswsock.dll
0x00007fffc41a0000 - 0x00007fffc41b6000 	C:\Program Files\Microsoft\jdk-17.0.8.7-hotspot\bin\nio.dll
0x00007fffc8b20000 - 0x00007fffc8b30000 	C:\Program Files\Microsoft\jdk-17.0.8.7-hotspot\bin\verify.dll
0x00007fffd1330000 - 0x00007fffd1357000 	C:\Users\Yogesh\.gradle\native\c067742578af261105cb4f569cf0c3c89f3d7b1fecec35dd04571415982c5e48\windows-amd64\native-platform.dll
0x00007fff848f0000 - 0x00007fff84a34000 	C:\Users\Yogesh\.gradle\native\100fb08df4bc3b14c8652ba06237920a3bd2aa13389f12d3474272988ae205f9\windows-amd64\native-platform-file-events.dll
0x00007fffc4170000 - 0x00007fffc4179000 	C:\Program Files\Microsoft\jdk-17.0.8.7-hotspot\bin\management.dll
0x00007fffc2330000 - 0x00007fffc233b000 	C:\Program Files\Microsoft\jdk-17.0.8.7-hotspot\bin\management_ext.dll
0x00007fffd9e40000 - 0x00007fffd9e48000 	C:\WINDOWS\System32\PSAPI.DLL
0x00007fffd8270000 - 0x00007fffd828b000 	C:\WINDOWS\SYSTEM32\CRYPTSP.dll
0x00007fffd7ae0000 - 0x00007fffd7b15000 	C:\WINDOWS\system32\rsaenh.dll
0x00007fffd8110000 - 0x00007fffd8138000 	C:\WINDOWS\SYSTEM32\USERENV.dll
0x00007fffd8290000 - 0x00007fffd829c000 	C:\WINDOWS\SYSTEM32\CRYPTBASE.dll
0x00007fffd75e0000 - 0x00007fffd760d000 	C:\WINDOWS\SYSTEM32\IPHLPAPI.DLL
0x00007fffd9e30000 - 0x00007fffd9e39000 	C:\WINDOWS\System32\NSI.dll
0x00007fffcf5b0000 - 0x00007fffcf5c9000 	C:\WINDOWS\SYSTEM32\dhcpcsvc6.DLL
0x00007fffcf190000 - 0x00007fffcf1af000 	C:\WINDOWS\SYSTEM32\dhcpcsvc.DLL
0x00007fffd7610000 - 0x00007fffd7712000 	C:\WINDOWS\SYSTEM32\DNSAPI.dll
0x00007fffc42e0000 - 0x00007fffc42ee000 	C:\Program Files\Microsoft\jdk-17.0.8.7-hotspot\bin\sunmscapi.dll
0x00007fffd93c0000 - 0x00007fffd9526000 	C:\WINDOWS\System32\CRYPT32.dll
0x00007fffd8450000 - 0x00007fffd847d000 	C:\WINDOWS\SYSTEM32\ncrypt.dll
0x00007fffd8410000 - 0x00007fffd8447000 	C:\WINDOWS\SYSTEM32\NTASN1.dll
0x00007fff8d820000 - 0x00007fff8d828000 	C:\WINDOWS\system32\wshunix.dll
0x00007fffce100000 - 0x00007fffce10a000 	C:\Windows\System32\rasadhlp.dll
0x00007fffce190000 - 0x00007fffce213000 	C:\WINDOWS\System32\fwpuclnt.dll
0x00007fffaed40000 - 0x00007fffaed57000 	C:\WINDOWS\system32\napinsp.dll
0x00007fffabba0000 - 0x00007fffabbbb000 	C:\WINDOWS\system32\pnrpnsp.dll
0x00007fffabb80000 - 0x00007fffabb91000 	C:\WINDOWS\System32\winrnr.dll
0x00007fffce360000 - 0x00007fffce375000 	C:\WINDOWS\system32\wshbth.dll
0x00007fffabb50000 - 0x00007fffabb77000 	C:\WINDOWS\system32\nlansp_c.dll

dbghelp: loaded successfully - version: 4.0.5 - missing functions: none
symbol engine: initialized successfully - sym options: 0x614 - pdb path: .;C:\Program Files\Microsoft\jdk-17.0.8.7-hotspot\bin;C:\WINDOWS\SYSTEM32;C:\WINDOWS\WinSxS\amd64_microsoft.windows.common-controls_6595b64144ccf1df_6.0.22621.4541_none_2710d1c57384c085;C:\Program Files\Microsoft\jdk-17.0.8.7-hotspot\bin\server;C:\Users\Yogesh\.gradle\native\c067742578af261105cb4f569cf0c3c89f3d7b1fecec35dd04571415982c5e48\windows-amd64;C:\Users\Yogesh\.gradle\native\100fb08df4bc3b14c8652ba06237920a3bd2aa13389f12d3474272988ae205f9\windows-amd64

VM Arguments:
jvm_args: -XX:MaxMetaspaceSize=512m --add-opens=java.base/java.util=ALL-UNNAMED --add-opens=java.base/java.lang=ALL-UNNAMED --add-opens=java.base/java.lang.invoke=ALL-UNNAMED --add-opens=java.prefs/java.util.prefs=ALL-UNNAMED --add-exports=jdk.compiler/com.sun.tools.javac.api=ALL-UNNAMED --add-exports=jdk.compiler/com.sun.tools.javac.util=ALL-UNNAMED --add-opens=java.base/java.nio.charset=ALL-UNNAMED --add-opens=java.base/java.net=ALL-UNNAMED --add-opens=java.base/java.util.concurrent.atomic=ALL-UNNAMED -Xmx2048m -Dfile.encoding=windows-1252 -Duser.country=IN -Duser.language=en -Duser.variant -javaagent:C:\Users\Yogesh\.gradle\wrapper\dists\gradle-8.10.2-bin\a04bxjujx95o3nb99gddekhwo\gradle-8.10.2\lib\agents\gradle-instrumentation-agent-8.10.2.jar 
java_command: org.gradle.launcher.daemon.bootstrap.GradleDaemon 8.10.2
java_class_path (initial): C:\Users\Yogesh\.gradle\wrapper\dists\gradle-8.10.2-bin\a04bxjujx95o3nb99gddekhwo\gradle-8.10.2\lib\gradle-daemon-main-8.10.2.jar
Launcher Type: SUN_STANDARD

[Global flags]
     intx CICompilerCount                          = 4                                         {product} {ergonomic}
   size_t CompressedClassSpaceSize                 = 436207616                                 {product} {ergonomic}
     uint ConcGCThreads                            = 2                                         {product} {ergonomic}
     uint G1ConcRefinementThreads                  = 8                                         {product} {ergonomic}
   size_t G1HeapRegionSize                         = 1048576                                   {product} {ergonomic}
    uintx GCDrainStackTargetSize                   = 64                                        {product} {ergonomic}
   size_t InitialHeapSize                          = 264241152                                 {product} {ergonomic}
   size_t MarkStackSize                            = 4194304                                   {product} {ergonomic}
   size_t MaxHeapSize                              = 2147483648                                {product} {command line}
   size_t MaxMetaspaceSize                         = 536870912                                 {product} {command line}
   size_t MaxNewSize                               = 1287651328                                {product} {ergonomic}
   size_t MinHeapDeltaBytes                        = 1048576                                   {product} {ergonomic}
   size_t MinHeapSize                              = 8388608                                   {product} {ergonomic}
    uintx NonNMethodCodeHeapSize                   = 5839372                                {pd product} {ergonomic}
    uintx NonProfiledCodeHeapSize                  = 122909434                              {pd product} {ergonomic}
    uintx ProfiledCodeHeapSize                     = 122909434                              {pd product} {ergonomic}
    uintx ReservedCodeCacheSize                    = 251658240                              {pd product} {ergonomic}
     bool SegmentedCodeCache                       = true                                      {product} {ergonomic}
   size_t SoftMaxHeapSize                          = 2147483648                             {manageable} {ergonomic}
     bool UseCompressedClassPointers               = true                           {product lp64_product} {ergonomic}
     bool UseCompressedOops                        = true                           {product lp64_product} {ergonomic}
     bool UseG1GC                                  = true                                      {product} {ergonomic}
     bool UseLargePagesIndividualAllocation        = false                                  {pd product} {ergonomic}

Logging:
Log output configuration:
 #0: stdout all=warning uptime,level,tags
 #1: stderr all=off uptime,level,tags

Environment Variables:
JAVA_HOME=C:\Program Files\Microsoft\jdk-17.0.8.7-hotspot\
CLASSPATH=C:\Users\Yogesh\Desktop\Drive4U\DriveForU\android\\gradle\wrapper\gradle-wrapper.jar
PATH=C:\Users\Yogesh\Desktop\Drive4U\DriveForU\node_modules\.bin;C:\Users\Yogesh\Desktop\Drive4U\DriveForU\node_modules\.bin;C:\Users\Yogesh\Desktop\Drive4U\node_modules\.bin;C:\Users\Yogesh\Desktop\node_modules\.bin;C:\Users\Yogesh\node_modules\.bin;C:\Users\node_modules\.bin;C:\node_modules\.bin;C:\Users\Yogesh\Desktop\Drive4U\DriveForU\node_modules\npm\node_modules\@npmcli\run-script\lib\node-gyp-bin;C:\Users\Yogesh\Desktop\Drive4U\DriveForU\node_modules\.bin;C:\Users\Yogesh\Desktop\Drive4U\node_modules\.bin;C:\Users\Yogesh\Desktop\node_modules\.bin;C:\Users\Yogesh\node_modules\.bin;C:\Users\node_modules\.bin;C:\node_modules\.bin;C:\Users\Yogesh\AppData\Roaming\npm\node_modules\npm\node_modules\@npmcli\run-script\lib\node-gyp-bin;C:\Program Files\Microsoft\jdk-17.0.8.7-hotspot\bin;C:\Program Files\Common Files\Oracle\Java\javapath;C:\WINDOWS\system32;C:\WINDOWS;C:\WINDOWS\System32\Wbem;C:\WINDOWS\System32\WindowsPowerShell\v1.0\;C:\WINDOWS\System32\OpenSSH\;C:\Program Files\nodejs\;C:\Users\Yogesh\AppData\Local\Android\Sdk\platform-tools;C:\ProgramData\chocolatey\bin;C:\Users\Yogesh\Desktop\SqlLite\sqlite-tools-win-x64-3450000;C:\Program Files\Git\cmd;C:\Program Files\Git\bin;C:\Users\Yogesh\AppData\Local\Android\Sdk\cmdline-tools\latest\bin;C:\Software\cmake-3.31.0-rc2-windows-x86_64\cmake-3.31.0-rc2-windows-x86_64\bin;C:\Users\Yogesh\Downloads\apache-maven-3.9.9\bin;C:\Program Files\MySQL\MySQL Shell 8.0\bin\;C:\Users\Yogesh\AppData\Local\Android\Sdk\tools;C:\Users\Yogesh\AppData\Local\Android\Sdk\tools;C:\Users\Yogesh\AppData\Local\Microsoft\WindowsApps;C:\Users\Yogesh\AppData\Roaming\npm;C:\Users\Yogesh\AppData\Local\Programs\Microsoft VS Code\bin;C:\Users\Yogesh\AppData\Local\GitHubDesktop\bin;
USERNAME=Yogesh
OS=Windows_NT
PROCESSOR_IDENTIFIER=Intel64 Family 6 Model 140 Stepping 1, GenuineIntel
TMP=C:\Users\Yogesh\AppData\Local\Temp
TEMP=C:\Users\Yogesh\AppData\Local\Temp



---------------  S Y S T E M  ---------------

OS:
 Windows 11 , 64 bit Build 22621 (10.0.22621.4391)
OS uptime: 10 days 15:03 hours
Hyper-V role detected

CPU: total 8 (initial active 8) (4 cores per cpu, 2 threads per core) family 6 model 140 stepping 1 microcode 0xb4, cx8, cmov, fxsr, ht, mmx, 3dnowpref, sse, sse2, sse3, ssse3, sse4.1, sse4.2, popcnt, lzcnt, tsc, tscinvbit, avx, avx2, aes, erms, clmul, bmi1, bmi2, adx, avx512f, avx512dq, avx512cd, avx512bw, avx512vl, sha, fma, vzeroupper, avx512_vpopcntdq, avx512_vpclmulqdq, avx512_vaes, avx512_vnni, clflush, clflushopt, clwb, avx512_vbmi2, avx512_vbmi, hv
Processor Information for processor 0
  Max Mhz: 2401, Current Mhz: 2401, Mhz Limit: 2401
Processor Information for processor 1
  Max Mhz: 2401, Current Mhz: 2401, Mhz Limit: 2401
Processor Information for processor 2
  Max Mhz: 2401, Current Mhz: 2401, Mhz Limit: 2401
Processor Information for processor 3
  Max Mhz: 2401, Current Mhz: 2401, Mhz Limit: 2401
Processor Information for processor 4
  Max Mhz: 2401, Current Mhz: 2401, Mhz Limit: 2401
Processor Information for processor 5
  Max Mhz: 2401, Current Mhz: 1100, Mhz Limit: 2401
Processor Information for processor 6
  Max Mhz: 2401, Current Mhz: 1100, Mhz Limit: 2401
Processor Information for processor 7
  Max Mhz: 2401, Current Mhz: 1100, Mhz Limit: 2401

Memory: 4k page, system-wide physical 16026M (441M free)
TotalPageFile size 38652M (AvailPageFile size 11183M)
current process WorkingSet (physical memory assigned to process): 414M, peak: 414M
current process commit charge ("private bytes"): 571M, peak: 572M

vm_info: OpenJDK 64-Bit Server VM (17.0.8+7-LTS) for windows-amd64 JRE (17.0.8+7-LTS), built on Jul  7 2023 17:21:55 by "MicrosoftCorporation" with MS VC++ 16.10 / 16.11 (VS2019)

END.
